-- phpMyAdmin SQL Dump
-- version 5.2.2
-- https://www.phpmyadmin.net/
--
-- Host: db:3306
-- Generation Time: Dec 03, 2025 at 04:22 PM
-- Server version: 8.0.41
-- PHP Version: 8.2.29

SET SQL_MODE = "NO_AUTO_VALUE_ON_ZERO";
START TRANSACTION;
SET time_zone = "+00:00";


/*!40101 SET @OLD_CHARACTER_SET_CLIENT=@@CHARACTER_SET_CLIENT */;
/*!40101 SET @OLD_CHARACTER_SET_RESULTS=@@CHARACTER_SET_RESULTS */;
/*!40101 SET @OLD_COLLATION_CONNECTION=@@COLLATION_CONNECTION */;
/*!40101 SET NAMES utf8mb4 */;

--
-- Database: `blockly_db`
--

DELIMITER $$
--
-- Procedures
--
CREATE DEFINER=`root`@`%` PROCEDURE `sp_change_password_investigador` (IN `p_usuario_id` BIGINT UNSIGNED, IN `p_new_password` VARCHAR(100))   BEGIN
  DECLARE v_rol_investigador INT UNSIGNED;
  DECLARE v_es_investigador INT;

  IF p_usuario_id IS NULL OR p_usuario_id = 0 THEN
    SIGNAL SQLSTATE '45000' SET MESSAGE_TEXT = 'usuario_id inválido.';
  END IF;

  IF p_new_password IS NULL OR CHAR_LENGTH(p_new_password) < 50 THEN
    SIGNAL SQLSTATE '45000' SET MESSAGE_TEXT = 'password hash requerido (longitud >= 50).';
  END IF;

  SELECT id INTO v_rol_investigador
  FROM ROL
  WHERE tipo = 'investigador'
  LIMIT 1;

  IF v_rol_investigador IS NULL THEN
    SIGNAL SQLSTATE '45000' SET MESSAGE_TEXT = 'No existe el rol "investigador".';
  END IF;

  -- Verificar que el usuario exista y sea investigador
  SELECT COUNT(*)
    INTO v_es_investigador
  FROM USUARIO
  WHERE id = p_usuario_id AND rol_id = v_rol_investigador;

  IF v_es_investigador = 0 THEN
    SIGNAL SQLSTATE '45000' SET MESSAGE_TEXT = 'El usuario no existe o no es investigador.';
  END IF;

  UPDATE USUARIO
     SET password = p_new_password
   WHERE id = p_usuario_id;
END$$

CREATE DEFINER=`root`@`%` PROCEDURE `sp_create_investigador` (IN `p_pin` CHAR(4), IN `p_nombre` VARCHAR(80), IN `p_apellidos` VARCHAR(120), IN `p_password` VARCHAR(100))   BEGIN
  DECLARE v_rol_investigador INT UNSIGNED;
  DECLARE v_usuario_id BIGINT UNSIGNED;

  /* Validaciones */
  IF p_pin IS NULL OR CHAR_LENGTH(p_pin) <> 4 THEN
    SIGNAL SQLSTATE '45000' SET MESSAGE_TEXT = 'PIN inválido (debe ser 4 dígitos).';
  END IF;

  IF p_nombre IS NULL OR p_apellidos IS NULL OR p_nombre = '' OR p_apellidos = '' THEN
    SIGNAL SQLSTATE '45000' SET MESSAGE_TEXT = 'Nombre y apellidos son requeridos.';
  END IF;

  IF p_password IS NULL OR CHAR_LENGTH(p_password) < 50 THEN
    SIGNAL SQLSTATE '45000' SET MESSAGE_TEXT = 'password hash requerido (longitud >= 50).';
  END IF;

  /* Rol investigador */
  SELECT id INTO v_rol_investigador
  FROM ROL
  WHERE tipo = 'investigador'
  LIMIT 1;

  IF v_rol_investigador IS NULL THEN
    SIGNAL SQLSTATE '45000' SET MESSAGE_TEXT = 'No existe el rol "investigador".';
  END IF;

  /* PIN único */
  IF EXISTS (SELECT 1 FROM USUARIO WHERE pin = p_pin) THEN
    SIGNAL SQLSTATE '45000' SET MESSAGE_TEXT = 'PIN ya está en uso.';
  END IF;

  /* Insert (fecha_nac = NULL por diseño) */
  INSERT INTO USUARIO (rol_id, pin, password, nombre, apellidos, fecha_nac)
  VALUES (v_rol_investigador, p_pin, p_password, p_nombre, p_apellidos, NULL);

  SET v_usuario_id = LAST_INSERT_ID();

  /* Retorno */
  SELECT v_usuario_id AS usuario_id;
END$$

CREATE DEFINER=`root`@`%` PROCEDURE `sp_create_jugador` (IN `p_pin` VARCHAR(8), IN `p_nombre` VARCHAR(120), IN `p_apellidos` VARCHAR(120), IN `p_fecha_nac` DATE)   BEGIN
  DECLARE v_usuario_id BIGINT;

  -- 1️⃣ Insertar nuevo usuario tipo jugador
  INSERT INTO USUARIO (rol_id, pin, nombre, apellidos, fecha_nac)
  VALUES (1, p_pin, p_nombre, p_apellidos, p_fecha_nac);

  SET v_usuario_id = LAST_INSERT_ID();

  -- 2️⃣ Inicializar progreso SOLO para niveles 1–10 de TODOS los juegos
  --    (un registro por juego_id + numero, aunque el id real sea 1..10, 11..20, etc.)
  INSERT INTO PROGRESO (usuario_id, juego_id, nivel_id, estado_id, reinicios, intentos, segundos_totales)
  SELECT
      v_usuario_id,
      n.juego_id,
      n.id AS nivel_id,
      1 AS estado_id,      -- 1 = PENDIENTE
      0 AS reinicios,
      0 AS intentos,
      0 AS segundos_totales
  FROM NIVEL n
  INNER JOIN (
      -- Para cada juego y cada número de nivel (1..10),
      -- tomamos SIEMPRE el id mínimo de NIVEL (evita duplicados como tu id=21)
      SELECT juego_id, numero, MIN(id) AS id_min
      FROM NIVEL
      WHERE numero BETWEEN 1 AND 10
      GROUP BY juego_id, numero
  ) x
    ON n.id = x.id_min
  ORDER BY n.juego_id, n.numero;

  -- 3️⃣ Retornar datos del jugador recién creado
  SELECT 
      u.id AS usuario_id,
      u.pin,
      u.nombre,
      u.apellidos,
      u.fecha_nac,
      u.creado_en,
      'Jugador registrado con progreso inicializado' AS mensaje
  FROM USUARIO u
  WHERE u.id = v_usuario_id;
END$$

CREATE DEFINER=`root`@`%` PROCEDURE `sp_end_intento` (IN `p_intento_id` BIGINT UNSIGNED, IN `p_estado_id` TINYINT UNSIGNED, IN `p_num_bloques` INT UNSIGNED, IN `p_codigo_js` JSON, IN `p_es_reinicio` TINYINT UNSIGNED)   BEGIN
  DECLARE v_inicio      DATETIME;
  DECLARE v_fin         DATETIME;
  DECLARE v_duracion_ms INT;
  DECLARE v_sesion_id   BIGINT;
  DECLARE v_juego_id    SMALLINT;
  DECLARE v_nivel_id    INT;
  DECLARE v_usuario_id  BIGINT;
  DECLARE v_total_ms    BIGINT;

  -- 1) Obtener datos base del intento
  SELECT inicio_en, sesion_id, juego_id, nivel_id
    INTO v_inicio, v_sesion_id, v_juego_id, v_nivel_id
  FROM INTENTO
  WHERE id = p_intento_id;

  -- 2) Calcular duración (ms)
  SET v_fin         = NOW();
  SET v_duracion_ms = TIMESTAMPDIFF(MICROSECOND, v_inicio, v_fin) / 1000;

  -- 3) Obtener usuario desde la sesión
  SELECT usuario_id INTO v_usuario_id
  FROM SESION
  WHERE id = v_sesion_id;

  -- 4) Actualizar intento
  UPDATE INTENTO
  SET
    estado_id           = p_estado_id,
    numero_bloques_total = p_num_bloques,
    codigo_js           = p_codigo_js,
    duracion_ms         = v_duracion_ms,
    fin_en              = v_fin
  WHERE id = p_intento_id;

  -- 5) Calcular tiempo ACUMULADO en ese nivel (todos los intentos terminados)
  SELECT IFNULL(SUM(i.duracion_ms), 0)
    INTO v_total_ms
  FROM INTENTO i
  INNER JOIN SESION s ON s.id = i.sesion_id
  WHERE s.usuario_id = v_usuario_id
    AND i.juego_id   = v_juego_id
    AND i.nivel_id   = v_nivel_id
    AND i.duracion_ms > 0;  -- solo intentos que ya tienen duración

  -- 6) Actualizar PROGRESO según el estado final del intento
  IF p_estado_id = 3 THEN
    -- COMPLETADO
    UPDATE PROGRESO
    SET estado_id       = 3,
        segundos_totales = v_total_ms / 1000
    WHERE usuario_id = v_usuario_id
      AND juego_id   = v_juego_id
      AND nivel_id   = v_nivel_id;

  ELSEIF p_estado_id = 5 THEN
    -- FALLADO
    UPDATE PROGRESO
    SET estado_id       = 5,
        reinicios       = reinicios + IFNULL(p_es_reinicio, 0),
        segundos_totales = v_total_ms / 1000
    WHERE usuario_id = v_usuario_id
      AND juego_id   = v_juego_id
      AND nivel_id   = v_nivel_id;

  ELSEIF p_estado_id = 4 THEN
    -- ABANDONADO
    UPDATE PROGRESO
    SET estado_id       = 4,
        segundos_totales = v_total_ms / 1000
    WHERE usuario_id = v_usuario_id
      AND juego_id   = v_juego_id
      AND nivel_id   = v_nivel_id;
  END IF;
END$$

CREATE DEFINER=`root`@`%` PROCEDURE `sp_end_sesion` (IN `p_sesion_id` BIGINT)   BEGIN
  DECLARE v_inicio DATETIME;

  SELECT inicio_en INTO v_inicio
  FROM SESION
  WHERE id = p_sesion_id;

  UPDATE SESION
  SET fin_en = NOW(),
      segundos_totales = TIMESTAMPDIFF(SECOND, v_inicio, NOW())
  WHERE id = p_sesion_id;
END$$

CREATE DEFINER=`root`@`%` PROCEDURE `sp_start_intento` (IN `p_sesion_id` BIGINT UNSIGNED, IN `p_juego_id` SMALLINT UNSIGNED, IN `p_nivel_id` INT UNSIGNED)   BEGIN
    DECLARE v_usuario_id BIGINT UNSIGNED;

    -- 1 Obtener usuario desde la sesión
    SELECT usuario_id INTO v_usuario_id
    FROM SESION
    WHERE id = p_sesion_id;

    -- 2 Crear nuevo intento (estado = EN_PROCESO)
    INSERT INTO INTENTO (sesion_id, juego_id, nivel_id, estado_id, inicio_en)
    VALUES (p_sesion_id, p_juego_id, p_nivel_id, 2, NOW());

    -- 3 Asegurar progreso existente o crearlo
    IF NOT EXISTS (
        SELECT 1 FROM PROGRESO
        WHERE usuario_id = v_usuario_id
          AND juego_id = p_juego_id
          AND nivel_id = p_nivel_id
    ) THEN
        INSERT INTO PROGRESO (usuario_id, juego_id, nivel_id, estado_id, reinicios, intentos, segundos_totales)
        VALUES (v_usuario_id, p_juego_id, p_nivel_id, 2, 0, 1, 0);
    ELSE
        -- 4 Actualizar progreso existente (marcar como EN_PROCESO y sumar intento)
        UPDATE PROGRESO
        SET estado_id = 2,
            intentos = intentos + 1
        WHERE usuario_id = v_usuario_id
          AND juego_id = p_juego_id
          AND nivel_id = p_nivel_id;
    END IF;

    -- 5 Retornar el ID del intento creado
    SELECT LAST_INSERT_ID() AS intento_id;
END$$

CREATE DEFINER=`root`@`%` PROCEDURE `sp_start_sesion` (IN `p_usuario_id` BIGINT)   BEGIN
  INSERT INTO SESION (usuario_id, inicio_en, ultimo_ping)
  VALUES (p_usuario_id, NOW(), NOW());

  SELECT LAST_INSERT_ID() AS sesion_id;
END$$

DELIMITER ;

-- --------------------------------------------------------

--
-- Table structure for table `ACCION`
--

CREATE TABLE `ACCION` (
  `id` bigint UNSIGNED NOT NULL,
  `intento_id` bigint UNSIGNED NOT NULL,
  `tipo_accion_id` tinyint UNSIGNED NOT NULL,
  `tipo_bloque_id` smallint UNSIGNED DEFAULT NULL,
  `numero_secuencia` int UNSIGNED NOT NULL,
  `creado_en` timestamp NOT NULL DEFAULT CURRENT_TIMESTAMP
) ENGINE=InnoDB DEFAULT CHARSET=utf8mb4 COLLATE=utf8mb4_0900_ai_ci;

--
-- Dumping data for table `ACCION`
--

INSERT INTO `ACCION` (`id`, `intento_id`, `tipo_accion_id`, `tipo_bloque_id`, `numero_secuencia`, `creado_en`) VALUES
(1136, 462, 1, 1, 1, '2025-11-26 05:22:45'),
(1137, 462, 2, 1, 2, '2025-11-26 05:22:46'),
(1138, 462, 3, NULL, 3, '2025-11-26 05:22:46'),
(1139, 463, 1, 2, 1, '2025-11-26 05:23:22'),
(1140, 463, 2, 2, 2, '2025-11-26 05:23:23'),
(1141, 463, 3, NULL, 3, '2025-11-26 05:23:23'),
(1142, 463, 1, 1, 4, '2025-11-26 05:23:24'),
(1143, 463, 2, 1, 5, '2025-11-26 05:23:24'),
(1144, 463, 3, NULL, 6, '2025-11-26 05:23:24'),
(1145, 464, 1, 3, 1, '2025-11-26 05:23:43'),
(1146, 464, 2, 3, 2, '2025-11-26 05:23:44'),
(1147, 464, 3, NULL, 3, '2025-11-26 05:23:44'),
(1148, 464, 1, 1, 4, '2025-11-26 05:23:45'),
(1149, 464, 2, 1, 5, '2025-11-26 05:23:46'),
(1150, 464, 3, NULL, 6, '2025-11-26 05:23:46'),
(1151, 465, 1, 9, 1, '2025-11-26 05:23:56'),
(1152, 465, 2, 9, 2, '2025-11-26 05:23:57'),
(1153, 465, 2, 1, 3, '2025-11-26 05:23:57'),
(1154, 465, 3, NULL, 4, '2025-11-26 05:23:57'),
(1155, 465, 2, 9, 5, '2025-11-26 05:23:58'),
(1156, 466, 1, 9, 1, '2025-11-26 05:24:08'),
(1157, 466, 2, 9, 2, '2025-11-26 05:24:09'),
(1158, 466, 2, 1, 3, '2025-11-26 05:24:09'),
(1159, 466, 3, NULL, 4, '2025-11-26 05:24:09'),
(1160, 466, 1, 2, 5, '2025-11-26 05:24:10'),
(1161, 466, 2, 2, 6, '2025-11-26 05:24:11'),
(1162, 466, 3, NULL, 7, '2025-11-26 05:24:11'),
(1163, 466, 1, 1, 8, '2025-11-26 05:24:12'),
(1164, 466, 2, 1, 9, '2025-11-26 05:24:12'),
(1165, 466, 3, NULL, 10, '2025-11-26 05:24:12'),
(1166, 466, 1, 3, 11, '2025-11-26 05:24:13'),
(1167, 466, 2, 3, 12, '2025-11-26 05:24:14'),
(1168, 466, 3, NULL, 13, '2025-11-26 05:24:14'),
(1169, 467, 1, 3, 1, '2025-11-26 05:24:40'),
(1170, 467, 2, 3, 2, '2025-11-26 05:24:40'),
(1171, 467, 3, NULL, 3, '2025-11-26 05:24:41'),
(1172, 468, 1, 9, 1, '2025-11-26 05:24:53'),
(1173, 468, 2, 1, 2, '2025-11-26 05:24:54'),
(1174, 468, 2, 9, 3, '2025-11-26 05:24:54'),
(1175, 468, 3, NULL, 4, '2025-11-26 05:24:54'),
(1176, 468, 2, 9, 5, '2025-11-26 05:24:56'),
(1177, 468, 1, 2, 6, '2025-11-26 05:24:58'),
(1178, 468, 2, 2, 7, '2025-11-26 05:24:59'),
(1179, 468, 2, 9, 8, '2025-11-26 05:24:59'),
(1180, 468, 3, NULL, 9, '2025-11-26 05:24:59'),
(1181, 468, 1, 1, 10, '2025-11-26 05:25:00'),
(1182, 468, 2, 1, 11, '2025-11-26 05:25:01'),
(1183, 468, 2, 2, 12, '2025-11-26 05:25:01'),
(1184, 468, 3, NULL, 13, '2025-11-26 05:25:01'),
(1185, 468, 1, 1, 14, '2025-11-26 05:25:02'),
(1186, 468, 2, 1, 15, '2025-11-26 05:25:02'),
(1187, 468, 2, 1, 16, '2025-11-26 05:25:02'),
(1188, 468, 3, NULL, 17, '2025-11-26 05:25:02'),
(1189, 470, 1, 9, 1, '2025-11-26 05:25:38'),
(1190, 470, 2, 9, 2, '2025-11-26 05:25:39'),
(1191, 470, 2, 1, 3, '2025-11-26 05:25:39'),
(1192, 470, 3, NULL, 4, '2025-11-26 05:25:39'),
(1193, 470, 2, 9, 5, '2025-11-26 05:25:40'),
(1194, 470, 1, 7, 6, '2025-11-26 05:25:41'),
(1195, 470, 2, 7, 7, '2025-11-26 05:25:43'),
(1196, 470, 3, NULL, 8, '2025-11-26 05:25:43'),
(1197, 471, 1, 2, 1, '2025-11-26 05:25:56'),
(1198, 471, 2, 2, 2, '2025-11-26 05:25:59'),
(1199, 471, 3, NULL, 3, '2025-11-26 05:25:59'),
(1200, 472, 1, 9, 1, '2025-11-26 05:26:52'),
(1201, 472, 2, 9, 2, '2025-11-26 05:26:54'),
(1202, 472, 2, 1, 3, '2025-11-26 05:26:54'),
(1203, 472, 3, NULL, 4, '2025-11-26 05:26:54'),
(1204, 472, 2, 9, 5, '2025-11-26 05:26:55'),
(1205, 472, 1, 7, 6, '2025-11-26 05:26:56'),
(1206, 472, 2, 7, 7, '2025-11-26 05:26:57'),
(1207, 472, 3, NULL, 8, '2025-11-26 05:26:57'),
(1208, 472, 4, 7, 9, '2025-11-26 05:26:59'),
(1209, 473, 1, 3, 1, '2025-11-26 05:27:04'),
(1210, 473, 2, 3, 2, '2025-11-26 05:27:05'),
(1211, 473, 3, NULL, 3, '2025-11-26 05:27:05'),
(1212, 474, 1, 9, 1, '2025-11-26 05:27:36'),
(1213, 474, 2, 1, 2, '2025-11-26 05:27:37'),
(1214, 474, 2, 9, 3, '2025-11-26 05:27:38'),
(1215, 474, 3, NULL, 4, '2025-11-26 05:27:38'),
(1216, 474, 2, 9, 5, '2025-11-26 05:27:39'),
(1217, 474, 1, 7, 6, '2025-11-26 05:27:40'),
(1218, 474, 2, 7, 7, '2025-11-26 05:27:42'),
(1219, 474, 3, NULL, 8, '2025-11-26 05:27:42'),
(1220, 474, 4, 7, 9, '2025-11-26 05:27:45'),
(1221, 474, 1, 2, 10, '2025-11-26 05:27:46'),
(1222, 474, 2, 2, 11, '2025-11-26 05:27:47'),
(1223, 474, 3, NULL, 12, '2025-11-26 05:27:47'),
(1224, 474, 1, 7, 13, '2025-11-26 05:27:51'),
(1225, 474, 2, 7, 14, '2025-11-26 05:27:52'),
(1226, 474, 3, NULL, 15, '2025-11-26 05:27:52'),
(1227, 474, 4, 7, 16, '2025-11-26 05:27:54'),
(1228, 474, 1, 3, 17, '2025-11-26 05:27:55'),
(1229, 474, 2, 3, 18, '2025-11-26 05:27:56'),
(1230, 474, 3, NULL, 19, '2025-11-26 05:27:56'),
(1231, 475, 1, 8, 1, '2025-11-26 05:30:49'),
(1232, 475, 2, 8, 2, '2025-11-26 05:30:51'),
(1233, 475, 2, 1, 3, '2025-11-26 05:30:51'),
(1234, 475, 3, NULL, 4, '2025-11-26 05:30:51'),
(1235, 475, 1, 2, 5, '2025-11-26 05:30:56'),
(1236, 475, 2, 2, 6, '2025-11-26 05:30:58'),
(1237, 475, 3, NULL, 7, '2025-11-26 05:30:58'),
(1238, 476, 1, 7, 1, '2025-11-26 05:31:08'),
(1239, 476, 2, 7, 2, '2025-11-26 05:31:09'),
(1240, 476, 2, 7, 3, '2025-11-26 05:31:09'),
(1241, 476, 2, 7, 4, '2025-11-26 05:31:09'),
(1242, 477, 1, 9, 1, '2025-11-26 05:31:23'),
(1243, 477, 2, 1, 2, '2025-11-26 05:31:24'),
(1244, 477, 2, 9, 3, '2025-11-26 05:31:24'),
(1245, 477, 3, NULL, 4, '2025-11-26 05:31:24'),
(1246, 477, 2, 9, 5, '2025-11-26 05:31:25'),
(1247, 477, 1, 8, 6, '2025-11-26 05:31:27'),
(1248, 477, 2, 8, 7, '2025-11-26 05:31:30'),
(1249, 477, 3, NULL, 8, '2025-11-26 05:31:30'),
(1251, 477, 3, NULL, 9, '2025-11-26 05:31:34'),
(1252, 477, 2, 1, 10, '2025-11-26 05:31:37'),
(1253, 477, 3, NULL, 11, '2025-11-26 05:31:37'),
(1255, 477, 3, NULL, 12, '2025-11-26 05:31:38'),
(1256, 477, 2, NULL, 13, '2025-11-26 05:31:39'),
(1257, 477, 5, 1, 14, '2025-11-26 05:31:39'),
(1258, 477, 1, 8, 15, '2025-11-26 05:31:41'),
(1259, 477, 2, 8, 16, '2025-11-26 05:31:42'),
(1260, 477, 3, NULL, 17, '2025-11-26 05:31:42'),
(1261, 477, 1, 1, 18, '2025-11-26 05:31:43'),
(1262, 477, 2, 1, 19, '2025-11-26 05:31:44'),
(1263, 477, 3, NULL, 20, '2025-11-26 05:31:44'),
(1264, 477, 1, 8, 21, '2025-11-26 05:31:50'),
(1265, 477, 2, 8, 22, '2025-11-26 05:31:51'),
(1266, 477, 3, NULL, 23, '2025-11-26 05:31:51'),
(1267, 477, 4, 8, 24, '2025-11-26 05:31:54'),
(1268, 477, 1, 2, 25, '2025-11-26 05:31:57'),
(1269, 477, 2, 2, 26, '2025-11-26 05:31:59'),
(1270, 477, 3, NULL, 27, '2025-11-26 05:32:00'),
(1271, 477, 1, 7, 28, '2025-11-26 05:32:06'),
(1272, 477, 2, 7, 29, '2025-11-26 05:32:08'),
(1273, 477, 3, NULL, 30, '2025-11-26 05:32:08'),
(1274, 477, 4, 7, 31, '2025-11-26 05:32:10'),
(1275, 477, 1, 3, 32, '2025-11-26 05:32:15'),
(1276, 477, 2, 3, 33, '2025-11-26 05:32:16'),
(1277, 477, 3, NULL, 34, '2025-11-26 05:32:16'),
(1278, 478, 1, 7, 1, '2025-11-26 05:32:43'),
(1279, 478, 2, 7, 2, '2025-11-26 05:32:44'),
(1280, 478, 3, NULL, 3, '2025-11-26 05:32:44'),
(1281, 478, 1, 8, 4, '2025-11-26 05:32:45'),
(1282, 478, 2, 8, 5, '2025-11-26 05:32:45'),
(1283, 478, 1, 9, 6, '2025-11-26 05:32:46'),
(1284, 478, 2, 9, 7, '2025-11-26 05:32:46'),
(1285, 478, 3, NULL, 8, '2025-11-26 05:32:46'),
(1286, 478, 1, 3, 9, '2025-11-26 05:32:47'),
(1287, 478, 2, 3, 10, '2025-11-26 05:32:48'),
(1288, 478, 3, NULL, 11, '2025-11-26 05:32:48'),
(1289, 478, 1, 1, 12, '2025-11-26 05:32:49'),
(1290, 478, 2, 1, 13, '2025-11-26 05:32:50'),
(1291, 478, 3, NULL, 14, '2025-11-26 05:32:50'),
(1292, 481, 1, 7, 1, '2025-11-26 05:33:03'),
(1294, 481, 2, 7, 2, '2025-11-26 05:33:04'),
(1295, 481, 2, 7, 3, '2025-11-26 05:33:04'),
(1296, 481, 2, 1, 4, '2025-11-26 05:33:04'),
(1297, 481, 3, NULL, 5, '2025-11-26 05:33:04'),
(1298, 481, 3, NULL, 6, '2025-11-26 05:33:04'),
(1299, 481, 3, NULL, 7, '2025-11-26 05:33:04'),
(1300, 482, 1, 9, 1, '2025-11-26 05:33:24'),
(1301, 482, 2, 9, 2, '2025-11-26 05:33:25'),
(1302, 482, 2, 1, 3, '2025-11-26 05:33:25'),
(1303, 482, 3, NULL, 4, '2025-11-26 05:33:25'),
(1304, 482, 2, 9, 5, '2025-11-26 05:33:26'),
(1305, 482, 5, 9, 6, '2025-11-26 05:33:35'),
(1306, 482, 2, NULL, 7, '2025-11-26 05:33:35'),
(1307, 482, 1, 9, 8, '2025-11-26 05:33:59'),
(1308, 482, 2, 9, 9, '2025-11-26 05:34:00'),
(1309, 482, 1, 7, 10, '2025-11-26 05:34:12'),
(1310, 482, 2, 7, 11, '2025-11-26 05:34:13'),
(1311, 482, 3, NULL, 12, '2025-11-26 05:34:13'),
(1312, 482, 4, 7, 13, '2025-11-26 05:34:14'),
(1313, 482, 1, 2, 14, '2025-11-26 05:34:16'),
(1314, 482, 2, 2, 15, '2025-11-26 05:34:17'),
(1315, 482, 3, NULL, 16, '2025-11-26 05:34:17'),
(1316, 482, 1, 7, 17, '2025-11-26 05:34:33'),
(1317, 482, 2, NULL, 18, '2025-11-26 05:34:34'),
(1318, 482, 5, 7, 19, '2025-11-26 05:34:34'),
(1319, 482, 1, 8, 20, '2025-11-26 05:34:35'),
(1320, 482, 2, 8, 21, '2025-11-26 05:34:36'),
(1321, 482, 3, NULL, 22, '2025-11-26 05:34:36'),
(1322, 482, 1, 1, 23, '2025-11-26 05:34:40'),
(1323, 482, 2, 1, 24, '2025-11-26 05:34:42'),
(1324, 482, 3, NULL, 25, '2025-11-26 05:34:42'),
(1325, 482, 1, 3, 26, '2025-11-26 05:34:55'),
(1326, 482, 2, 3, 27, '2025-11-26 05:34:57'),
(1327, 482, 3, NULL, 28, '2025-11-26 05:34:57'),
(1334, 486, 1, 10, 1, '2025-11-26 07:05:46'),
(1335, 486, 2, 10, 2, '2025-11-26 07:05:47'),
(1336, 486, 3, NULL, 3, '2025-11-26 07:05:47'),
(1337, 486, 1, 11, 4, '2025-11-26 07:05:48'),
(1338, 486, 2, 11, 5, '2025-11-26 07:05:49'),
(1339, 486, 3, NULL, 6, '2025-11-26 07:05:49'),
(1340, 487, 4, 10, 1, '2025-11-26 07:06:36'),
(1341, 487, 1, 10, 2, '2025-11-26 07:06:38'),
(1342, 487, 2, 10, 3, '2025-11-26 07:06:39'),
(1343, 487, 3, NULL, 4, '2025-11-26 07:06:39'),
(1344, 488, 1, 10, 1, '2025-11-26 07:10:17'),
(1345, 488, 2, 10, 2, '2025-11-26 07:10:18'),
(1346, 488, 3, NULL, 3, '2025-11-26 07:10:18'),
(1347, 488, 1, 11, 4, '2025-11-26 07:10:19'),
(1348, 488, 2, 11, 5, '2025-11-26 07:10:20'),
(1349, 488, 3, NULL, 6, '2025-11-26 07:10:20'),
(1350, 488, 1, 10, 7, '2025-11-26 07:10:21'),
(1351, 488, 2, 10, 8, '2025-11-26 07:10:21'),
(1352, 488, 3, NULL, 9, '2025-11-26 07:10:21'),
(1353, 488, 4, 10, 10, '2025-11-26 07:10:23'),
(1354, 488, 4, 10, 11, '2025-11-26 07:10:23'),
(1355, 488, 4, 10, 12, '2025-11-26 07:10:23'),
(1356, 488, 4, 10, 13, '2025-11-26 07:10:23'),
(1357, 488, 4, 10, 14, '2025-11-26 07:10:24'),
(1358, 488, 4, 10, 15, '2025-11-26 07:10:27'),
(1359, 488, 4, 10, 16, '2025-11-26 07:10:27'),
(1360, 488, 4, 10, 17, '2025-11-26 07:10:29'),
(1361, 489, 1, 13, 1, '2025-11-26 07:11:06'),
(1362, 489, 1, 12, 2, '2025-11-26 07:11:06'),
(1363, 489, 1, NULL, 3, '2025-11-26 07:11:06'),
(1364, 489, 2, 13, 4, '2025-11-26 07:11:07'),
(1365, 489, 3, NULL, 5, '2025-11-26 07:11:07'),
(1366, 489, 1, 10, 6, '2025-11-26 07:11:10'),
(1367, 489, 2, 10, 7, '2025-11-26 07:11:11'),
(1368, 489, 3, NULL, 8, '2025-11-26 07:11:11'),
(1369, 489, 4, 10, 9, '2025-11-26 07:11:12'),
(1370, 489, 4, 10, 10, '2025-11-26 07:11:12'),
(1371, 489, 4, 10, 11, '2025-11-26 07:11:12'),
(1372, 489, 4, 10, 12, '2025-11-26 07:11:12'),
(1373, 489, 4, 10, 13, '2025-11-26 07:11:13'),
(1374, 489, 1, 10, 14, '2025-11-26 07:11:14'),
(1375, 489, 2, 10, 15, '2025-11-26 07:11:15'),
(1376, 489, 3, NULL, 16, '2025-11-26 07:11:15'),
(1377, 489, 4, 10, 17, '2025-11-26 07:11:16'),
(1378, 489, 4, 10, 18, '2025-11-26 07:11:16'),
(1379, 489, 4, 10, 19, '2025-11-26 07:11:16'),
(1380, 489, 4, 10, 20, '2025-11-26 07:11:16'),
(1381, 489, 4, 10, 21, '2025-11-26 07:11:16'),
(1382, 489, 4, 10, 22, '2025-11-26 07:11:16'),
(1383, 489, 4, 10, 23, '2025-11-26 07:11:16'),
(1384, 489, 4, 10, 24, '2025-11-26 07:11:16'),
(1385, 489, 4, 10, 25, '2025-11-26 07:11:16'),
(1386, 490, 1, 13, 1, '2025-11-26 07:11:32'),
(1387, 490, 1, 12, 2, '2025-11-26 07:11:32'),
(1388, 490, 1, NULL, 3, '2025-11-26 07:11:32'),
(1389, 490, 2, 13, 4, '2025-11-26 07:11:33'),
(1390, 490, 3, NULL, 5, '2025-11-26 07:11:33'),
(1391, 490, 1, 13, 6, '2025-11-26 07:11:34'),
(1392, 490, 1, 12, 7, '2025-11-26 07:11:34'),
(1393, 490, 1, NULL, 8, '2025-11-26 07:11:34'),
(1394, 490, 2, 13, 9, '2025-11-26 07:11:35'),
(1395, 491, 2, NULL, 1, '2025-11-26 07:11:56'),
(1396, 491, 5, 13, 2, '2025-11-26 07:11:56'),
(1397, 491, 1, 10, 3, '2025-11-26 07:12:21'),
(1398, 491, 1, 13, 4, '2025-11-26 07:12:22'),
(1399, 491, 1, 12, 5, '2025-11-26 07:12:22'),
(1400, 491, 1, NULL, 6, '2025-11-26 07:12:23'),
(1401, 491, 1, 13, 7, '2025-11-26 07:12:24'),
(1402, 491, 1, 12, 8, '2025-11-26 07:12:24'),
(1403, 491, 1, NULL, 9, '2025-11-26 07:12:24'),
(1404, 494, 1, 13, 1, '2025-11-26 07:12:57'),
(1405, 494, 1, 12, 2, '2025-11-26 07:12:57'),
(1406, 494, 1, NULL, 3, '2025-11-26 07:12:57'),
(1407, 494, 2, 13, 4, '2025-11-26 07:12:58'),
(1408, 494, 3, NULL, 5, '2025-11-26 07:12:58'),
(1409, 494, 4, NULL, 6, '2025-11-26 07:13:06'),
(1410, 494, 4, NULL, 7, '2025-11-26 07:13:07'),
(1411, 494, 4, NULL, 8, '2025-11-26 07:13:07'),
(1412, 494, 1, 10, 9, '2025-11-26 07:13:10'),
(1413, 494, 2, 10, 10, '2025-11-26 07:13:11'),
(1414, 494, 3, NULL, 11, '2025-11-26 07:13:11'),
(1415, 494, 4, 10, 12, '2025-11-26 07:13:24'),
(1416, 494, 4, 10, 13, '2025-11-26 07:13:24'),
(1417, 494, 4, 10, 14, '2025-11-26 07:13:24'),
(1418, 494, 4, 10, 15, '2025-11-26 07:13:24'),
(1419, 494, 4, 10, 16, '2025-11-26 07:13:24'),
(1420, 494, 4, 10, 17, '2025-11-26 07:13:24'),
(1421, 494, 4, 10, 18, '2025-11-26 07:13:24'),
(1422, 494, 4, 10, 19, '2025-11-26 07:13:24'),
(1423, 494, 4, 10, 20, '2025-11-26 07:13:24'),
(1424, 494, 4, 10, 21, '2025-11-26 07:13:24'),
(1425, 494, 4, 13, 22, '2025-11-26 07:13:29'),
(1426, 494, 1, 10, 23, '2025-11-26 07:13:36'),
(1427, 494, 2, 10, 24, '2025-11-26 07:13:38'),
(1428, 494, 3, NULL, 25, '2025-11-26 07:13:38'),
(1429, 494, 4, 10, 26, '2025-11-26 07:13:39'),
(1430, 494, 4, 10, 27, '2025-11-26 07:13:39'),
(1431, 494, 4, 10, 28, '2025-11-26 07:13:39'),
(1432, 494, 4, 10, 29, '2025-11-26 07:13:39'),
(1433, 494, 4, 10, 30, '2025-11-26 07:13:39'),
(1434, 494, 4, 10, 31, '2025-11-26 07:13:39'),
(1435, 494, 4, 10, 32, '2025-11-26 07:13:40'),
(1436, 494, 4, 10, 33, '2025-11-26 07:13:40'),
(1437, 494, 4, 10, 34, '2025-11-26 07:13:40'),
(1438, 495, 1, 11, 1, '2025-11-26 07:13:58'),
(1439, 495, 2, 11, 2, '2025-11-26 07:13:59'),
(1440, 495, 3, NULL, 3, '2025-11-26 07:13:59'),
(1441, 495, 1, 10, 4, '2025-11-26 07:14:25'),
(1442, 495, 2, 10, 5, '2025-11-26 07:14:26'),
(1443, 495, 3, NULL, 6, '2025-11-26 07:14:26'),
(1444, 495, 4, 10, 7, '2025-11-26 07:14:27'),
(1445, 495, 4, 10, 8, '2025-11-26 07:14:27'),
(1446, 495, 4, 10, 9, '2025-11-26 07:14:27'),
(1447, 495, 4, 10, 10, '2025-11-26 07:14:27'),
(1448, 495, 4, 10, 11, '2025-11-26 07:14:27'),
(1449, 495, 4, 10, 12, '2025-11-26 07:14:27'),
(1450, 495, 4, 10, 13, '2025-11-26 07:14:27'),
(1451, 495, 4, 10, 14, '2025-11-26 07:14:27'),
(1452, 495, 4, 10, 15, '2025-11-26 07:14:28'),
(1453, 495, 4, 10, 16, '2025-11-26 07:14:28'),
(1454, 495, 4, 10, 17, '2025-11-26 07:14:28'),
(1455, 495, 4, 10, 18, '2025-11-26 07:14:28'),
(1456, 495, 4, 10, 19, '2025-11-26 07:14:28'),
(1457, 495, 4, 10, 20, '2025-11-26 07:14:28'),
(1458, 495, 4, 10, 21, '2025-11-26 07:14:28'),
(1459, 495, 4, 10, 22, '2025-11-26 07:14:28'),
(1460, 495, 4, 10, 23, '2025-11-26 07:14:30'),
(1461, 495, 4, 10, 24, '2025-11-26 07:14:30'),
(1462, 495, 4, 10, 25, '2025-11-26 07:14:30'),
(1463, 495, 4, 10, 26, '2025-11-26 07:14:30'),
(1464, 495, 4, 10, 27, '2025-11-26 07:14:31'),
(1465, 495, 1, 13, 28, '2025-11-26 07:14:51'),
(1466, 495, 1, 12, 29, '2025-11-26 07:14:51'),
(1467, 495, 1, NULL, 30, '2025-11-26 07:14:51'),
(1468, 495, 2, 13, 31, '2025-11-26 07:14:52'),
(1469, 495, 3, NULL, 32, '2025-11-26 07:14:52'),
(1470, 495, 4, NULL, 33, '2025-11-26 07:14:58'),
(1471, 495, 4, NULL, 34, '2025-11-26 07:14:59'),
(1472, 495, 1, 10, 35, '2025-11-26 07:15:03'),
(1473, 495, 2, 10, 36, '2025-11-26 07:15:05'),
(1474, 495, 3, NULL, 37, '2025-11-26 07:15:05'),
(1477, 495, 2, 13, 38, '2025-11-26 07:15:06'),
(1478, 495, 2, 10, 39, '2025-11-26 07:15:06'),
(1481, 495, 2, 13, 40, '2025-11-26 07:15:06'),
(1482, 495, 2, 10, 41, '2025-11-26 07:15:06'),
(1485, 495, 2, 13, 42, '2025-11-26 07:15:07'),
(1486, 495, 2, 10, 43, '2025-11-26 07:15:07'),
(1489, 495, 2, 13, 44, '2025-11-26 07:15:07'),
(1490, 495, 2, 10, 45, '2025-11-26 07:15:07'),
(1493, 495, 2, 13, 46, '2025-11-26 07:15:07'),
(1494, 495, 2, 10, 47, '2025-11-26 07:15:07'),
(1495, 495, 3, NULL, 48, '2025-11-26 07:15:07'),
(1496, 495, 3, NULL, 49, '2025-11-26 07:15:07'),
(1497, 495, 3, NULL, 50, '2025-11-26 07:15:07'),
(1498, 495, 3, NULL, 51, '2025-11-26 07:15:07'),
(1499, 495, 3, NULL, 52, '2025-11-26 07:15:07'),
(1500, 495, 3, NULL, 53, '2025-11-26 07:15:07'),
(1501, 495, 3, NULL, 54, '2025-11-26 07:15:07'),
(1502, 495, 3, NULL, 55, '2025-11-26 07:15:07'),
(1503, 495, 3, NULL, 56, '2025-11-26 07:15:07'),
(1504, 495, 3, NULL, 57, '2025-11-26 07:15:07'),
(1505, 495, 3, NULL, 58, '2025-11-26 07:15:07'),
(1506, 495, 3, NULL, 59, '2025-11-26 07:15:07'),
(1507, 495, 3, NULL, 60, '2025-11-26 07:15:07'),
(1508, 495, 3, NULL, 61, '2025-11-26 07:15:07'),
(1509, 495, 3, NULL, 62, '2025-11-26 07:15:07'),
(1510, 495, 3, NULL, 63, '2025-11-26 07:15:07'),
(1511, 495, 3, NULL, 64, '2025-11-26 07:15:07'),
(1512, 495, 3, NULL, 65, '2025-11-26 07:15:07'),
(1513, 495, 3, NULL, 66, '2025-11-26 07:15:07'),
(1514, 495, 3, NULL, 67, '2025-11-26 07:15:07'),
(1516, 495, 2, 13, 68, '2025-11-26 07:15:09'),
(1518, 495, 2, 10, 69, '2025-11-26 07:15:09'),
(1519, 495, 3, NULL, 70, '2025-11-26 07:15:09'),
(1520, 495, 3, NULL, 71, '2025-11-26 07:15:09'),
(1521, 495, 3, NULL, 72, '2025-11-26 07:15:09'),
(1522, 495, 3, NULL, 73, '2025-11-26 07:15:09'),
(1524, 495, 2, 13, 74, '2025-11-26 07:15:10'),
(1526, 495, 2, 10, 75, '2025-11-26 07:15:10'),
(1527, 495, 3, NULL, 76, '2025-11-26 07:15:10'),
(1528, 495, 3, NULL, 77, '2025-11-26 07:15:10'),
(1529, 495, 3, NULL, 78, '2025-11-26 07:15:10'),
(1530, 495, 3, NULL, 79, '2025-11-26 07:15:10'),
(1531, 495, 1, 10, 80, '2025-11-26 07:15:20'),
(1532, 495, 2, 10, 81, '2025-11-26 07:15:21'),
(1533, 495, 3, NULL, 82, '2025-11-26 07:15:21'),
(1534, 495, 4, 10, 83, '2025-11-26 07:15:22'),
(1535, 495, 4, 10, 84, '2025-11-26 07:15:22'),
(1536, 495, 4, 10, 85, '2025-11-26 07:15:22'),
(1537, 495, 4, 10, 86, '2025-11-26 07:15:22'),
(1538, 495, 4, 10, 87, '2025-11-26 07:15:22'),
(1539, 496, 1, 11, 1, '2025-11-26 07:15:40'),
(1540, 496, 2, 11, 2, '2025-11-26 07:15:41'),
(1541, 496, 3, NULL, 3, '2025-11-26 07:15:41'),
(1543, 496, 3, NULL, 4, '2025-11-26 07:16:36'),
(1544, 496, 2, 11, 5, '2025-11-26 07:16:37'),
(1545, 496, 3, NULL, 6, '2025-11-26 07:16:37'),
(1546, 496, 1, 13, 7, '2025-11-26 07:16:40'),
(1547, 496, 1, 12, 8, '2025-11-26 07:16:40'),
(1548, 496, 1, NULL, 9, '2025-11-26 07:16:41'),
(1549, 496, 2, 13, 10, '2025-11-26 07:16:41'),
(1550, 496, 3, NULL, 11, '2025-11-26 07:16:42'),
(1551, 496, 4, 13, 12, '2025-11-26 07:16:51'),
(1552, 496, 4, NULL, 13, '2025-11-26 07:16:53'),
(1553, 496, 4, NULL, 14, '2025-11-26 07:16:53'),
(1554, 496, 1, 10, 15, '2025-11-26 07:16:56'),
(1555, 496, 2, 10, 16, '2025-11-26 07:16:57'),
(1556, 496, 3, NULL, 17, '2025-11-26 07:16:57'),
(1557, 496, 4, 10, 18, '2025-11-26 07:16:58'),
(1558, 496, 4, 10, 19, '2025-11-26 07:16:58'),
(1559, 496, 4, 10, 20, '2025-11-26 07:16:58'),
(1560, 496, 4, 10, 21, '2025-11-26 07:16:58'),
(1561, 496, 4, 10, 22, '2025-11-26 07:16:58'),
(1562, 496, 4, 10, 23, '2025-11-26 07:16:58'),
(1563, 496, 4, 10, 24, '2025-11-26 07:16:58'),
(1564, 496, 4, 10, 25, '2025-11-26 07:16:58'),
(1565, 496, 4, 10, 26, '2025-11-26 07:17:01'),
(1566, 496, 4, 10, 27, '2025-11-26 07:17:01'),
(1567, 496, 4, 10, 28, '2025-11-26 07:17:01'),
(1568, 496, 4, 10, 29, '2025-11-26 07:17:01'),
(1569, 496, 4, 10, 30, '2025-11-26 07:17:04'),
(1570, 496, 4, 10, 31, '2025-11-26 07:17:04'),
(1571, 496, 4, NULL, 32, '2025-11-26 07:17:11'),
(1572, 496, 4, NULL, 33, '2025-11-26 07:17:12'),
(1574, 496, 3, NULL, 34, '2025-11-26 07:17:25'),
(1575, 496, 2, 11, 35, '2025-11-26 07:17:27'),
(1576, 496, 1, 13, 36, '2025-11-26 07:17:40'),
(1577, 496, 1, 12, 37, '2025-11-26 07:17:40'),
(1578, 496, 1, NULL, 38, '2025-11-26 07:17:40'),
(1579, 496, 2, 13, 39, '2025-11-26 07:17:41'),
(1580, 496, 3, NULL, 40, '2025-11-26 07:17:41'),
(1581, 496, 4, NULL, 41, '2025-11-26 07:17:45'),
(1582, 496, 4, NULL, 42, '2025-11-26 07:17:45'),
(1583, 496, 1, 10, 43, '2025-11-26 07:17:47'),
(1584, 496, 2, 10, 44, '2025-11-26 07:17:48'),
(1585, 496, 3, NULL, 45, '2025-11-26 07:17:48'),
(1586, 496, 4, 10, 46, '2025-11-26 07:17:49'),
(1587, 496, 4, 10, 47, '2025-11-26 07:17:49'),
(1588, 496, 4, 10, 48, '2025-11-26 07:17:49'),
(1589, 496, 4, 10, 49, '2025-11-26 07:17:49'),
(1590, 496, 4, 10, 50, '2025-11-26 07:17:49'),
(1591, 496, 4, 10, 51, '2025-11-26 07:17:50'),
(1592, 496, 4, 10, 52, '2025-11-26 07:17:50'),
(1593, 496, 4, 10, 53, '2025-11-26 07:17:50'),
(1594, 496, 4, 10, 54, '2025-11-26 07:17:51'),
(1595, 496, 4, 10, 55, '2025-11-26 07:17:51'),
(1596, 496, 4, 10, 56, '2025-11-26 07:17:52'),
(1597, 496, 4, 10, 57, '2025-11-26 07:17:52'),
(1598, 496, 4, 10, 58, '2025-11-26 07:17:53'),
(1599, 496, 4, 10, 59, '2025-11-26 07:17:56'),
(1600, 496, 4, 10, 60, '2025-11-26 07:17:58'),
(1601, 496, 4, 10, 61, '2025-11-26 07:17:59'),
(1602, 496, 4, 10, 62, '2025-11-26 07:17:59'),
(1603, 496, 1, 10, 63, '2025-11-26 07:18:05'),
(1604, 496, 2, NULL, 64, '2025-11-26 07:18:07'),
(1605, 496, 5, 10, 65, '2025-11-26 07:18:07'),
(1608, 496, 2, 10, 66, '2025-11-26 07:18:10'),
(1609, 496, 2, 13, 67, '2025-11-26 07:18:10'),
(1612, 496, 2, 13, 68, '2025-11-26 07:18:10'),
(1613, 496, 2, 10, 69, '2025-11-26 07:18:10'),
(1616, 496, 2, 13, 70, '2025-11-26 07:18:10'),
(1617, 496, 2, 10, 71, '2025-11-26 07:18:10'),
(1620, 496, 2, 13, 72, '2025-11-26 07:18:10'),
(1621, 496, 2, 10, 73, '2025-11-26 07:18:10'),
(1624, 496, 2, 13, 74, '2025-11-26 07:18:10'),
(1625, 496, 2, 10, 75, '2025-11-26 07:18:10'),
(1626, 496, 3, NULL, 76, '2025-11-26 07:18:10'),
(1627, 496, 3, NULL, 77, '2025-11-26 07:18:10'),
(1628, 496, 3, NULL, 78, '2025-11-26 07:18:10'),
(1629, 496, 3, NULL, 79, '2025-11-26 07:18:10'),
(1630, 496, 3, NULL, 80, '2025-11-26 07:18:10'),
(1631, 496, 3, NULL, 81, '2025-11-26 07:18:10'),
(1632, 496, 3, NULL, 82, '2025-11-26 07:18:10'),
(1633, 496, 3, NULL, 83, '2025-11-26 07:18:10'),
(1634, 496, 3, NULL, 84, '2025-11-26 07:18:10'),
(1635, 496, 3, NULL, 85, '2025-11-26 07:18:10'),
(1636, 496, 3, NULL, 86, '2025-11-26 07:18:10'),
(1637, 496, 3, NULL, 87, '2025-11-26 07:18:10'),
(1638, 496, 3, NULL, 88, '2025-11-26 07:18:10'),
(1639, 496, 3, NULL, 89, '2025-11-26 07:18:10'),
(1640, 496, 3, NULL, 90, '2025-11-26 07:18:10'),
(1641, 496, 3, NULL, 91, '2025-11-26 07:18:10'),
(1642, 496, 3, NULL, 92, '2025-11-26 07:18:10'),
(1643, 496, 3, NULL, 93, '2025-11-26 07:18:10'),
(1644, 496, 3, NULL, 94, '2025-11-26 07:18:10'),
(1645, 496, 3, NULL, 95, '2025-11-26 07:18:10'),
(1648, 496, 2, 13, 96, '2025-11-26 07:18:11'),
(1649, 496, 2, 10, 97, '2025-11-26 07:18:11'),
(1650, 496, 3, NULL, 98, '2025-11-26 07:18:11'),
(1651, 496, 3, NULL, 99, '2025-11-26 07:18:11'),
(1652, 496, 3, NULL, 100, '2025-11-26 07:18:11'),
(1653, 496, 3, NULL, 101, '2025-11-26 07:18:11'),
(1655, 496, 2, 13, 102, '2025-11-26 07:18:22'),
(1656, 496, 2, 10, 103, '2025-11-26 07:18:22'),
(1658, 496, 3, NULL, 104, '2025-11-26 07:18:22'),
(1659, 496, 3, NULL, 105, '2025-11-26 07:18:22'),
(1660, 496, 3, NULL, 106, '2025-11-26 07:18:22'),
(1661, 496, 3, NULL, 107, '2025-11-26 07:18:22'),
(1662, 496, 1, 11, 108, '2025-11-26 07:18:24'),
(1663, 496, 2, 11, 109, '2025-11-26 07:18:26'),
(1664, 496, 2, NULL, 110, '2025-11-26 07:18:29'),
(1665, 496, 5, 11, 111, '2025-11-26 07:18:29'),
(1668, 496, 2, 13, 112, '2025-11-26 07:18:30'),
(1669, 496, 2, 10, 113, '2025-11-26 07:18:30'),
(1670, 496, 3, NULL, 114, '2025-11-26 07:18:30'),
(1671, 496, 3, NULL, 115, '2025-11-26 07:18:30'),
(1672, 496, 3, NULL, 116, '2025-11-26 07:18:30'),
(1673, 496, 3, NULL, 117, '2025-11-26 07:18:30'),
(1676, 496, 2, 13, 118, '2025-11-26 07:18:31'),
(1677, 496, 2, 10, 119, '2025-11-26 07:18:31'),
(1678, 496, 3, NULL, 120, '2025-11-26 07:18:31'),
(1679, 496, 3, NULL, 121, '2025-11-26 07:18:31'),
(1680, 496, 3, NULL, 122, '2025-11-26 07:18:31'),
(1681, 496, 3, NULL, 123, '2025-11-26 07:18:31'),
(1682, 496, 1, 11, 124, '2025-11-26 07:18:36'),
(1683, 496, 2, 11, 125, '2025-11-26 07:18:37'),
(1684, 496, 2, 13, 126, '2025-11-26 07:18:38'),
(1687, 496, 2, 10, 127, '2025-11-26 07:18:38'),
(1688, 496, 3, NULL, 128, '2025-11-26 07:18:38'),
(1689, 496, 3, NULL, 129, '2025-11-26 07:18:38'),
(1690, 496, 3, NULL, 130, '2025-11-26 07:18:38'),
(1691, 496, 3, NULL, 131, '2025-11-26 07:18:38'),
(1692, 496, 2, 13, 132, '2025-11-26 07:18:41'),
(1693, 496, 2, 10, 133, '2025-11-26 07:18:41'),
(1698, 496, 2, 13, 134, '2025-11-26 07:18:41'),
(1699, 496, 2, 10, 135, '2025-11-26 07:18:41'),
(1700, 496, 3, NULL, 136, '2025-11-26 07:18:41'),
(1701, 496, 3, NULL, 137, '2025-11-26 07:18:41'),
(1702, 496, 3, NULL, 138, '2025-11-26 07:18:41'),
(1703, 496, 3, NULL, 139, '2025-11-26 07:18:41'),
(1704, 496, 3, NULL, 140, '2025-11-26 07:18:41'),
(1705, 496, 3, NULL, 141, '2025-11-26 07:18:41'),
(1706, 496, 3, NULL, 142, '2025-11-26 07:18:41'),
(1707, 496, 3, NULL, 143, '2025-11-26 07:18:41'),
(1710, 496, 2, 13, 144, '2025-11-26 07:18:45'),
(1711, 496, 2, 10, 145, '2025-11-26 07:18:45'),
(1712, 496, 3, NULL, 146, '2025-11-26 07:18:46'),
(1713, 496, 3, NULL, 147, '2025-11-26 07:18:46'),
(1714, 496, 3, NULL, 148, '2025-11-26 07:18:46'),
(1715, 496, 3, NULL, 149, '2025-11-26 07:18:46'),
(1718, 496, 2, 13, 150, '2025-11-26 07:18:46'),
(1719, 496, 2, 10, 151, '2025-11-26 07:18:46'),
(1722, 496, 2, 13, 152, '2025-11-26 07:18:46'),
(1723, 496, 2, 10, 153, '2025-11-26 07:18:46'),
(1726, 496, 2, 13, 154, '2025-11-26 07:18:46'),
(1727, 496, 2, 10, 155, '2025-11-26 07:18:46'),
(1730, 496, 2, 13, 156, '2025-11-26 07:18:46'),
(1731, 496, 2, 10, 157, '2025-11-26 07:18:46'),
(1732, 496, 3, NULL, 158, '2025-11-26 07:18:46'),
(1733, 496, 3, NULL, 159, '2025-11-26 07:18:46'),
(1734, 496, 3, NULL, 160, '2025-11-26 07:18:46'),
(1735, 496, 3, NULL, 161, '2025-11-26 07:18:46'),
(1736, 496, 3, NULL, 162, '2025-11-26 07:18:46'),
(1737, 496, 3, NULL, 163, '2025-11-26 07:18:46'),
(1738, 496, 3, NULL, 164, '2025-11-26 07:18:46'),
(1739, 496, 3, NULL, 165, '2025-11-26 07:18:46'),
(1740, 496, 3, NULL, 166, '2025-11-26 07:18:46'),
(1741, 496, 3, NULL, 167, '2025-11-26 07:18:46'),
(1742, 496, 3, NULL, 168, '2025-11-26 07:18:46'),
(1743, 496, 3, NULL, 169, '2025-11-26 07:18:46'),
(1744, 496, 3, NULL, 170, '2025-11-26 07:18:46'),
(1745, 496, 3, NULL, 171, '2025-11-26 07:18:46'),
(1746, 496, 3, NULL, 172, '2025-11-26 07:18:46'),
(1747, 496, 3, NULL, 173, '2025-11-26 07:18:46'),
(1748, 496, 2, NULL, 174, '2025-11-26 07:18:55'),
(1749, 496, 5, 11, 175, '2025-11-26 07:18:55'),
(1750, 496, 2, 11, 176, '2025-11-26 07:18:57'),
(1751, 496, 2, 11, 177, '2025-11-26 07:18:57'),
(1752, 496, 1, 11, 178, '2025-11-26 07:19:07'),
(1753, 496, 2, 11, 179, '2025-11-26 07:19:10'),
(1755, 496, 2, 11, 180, '2025-11-26 07:19:10'),
(1756, 496, 3, NULL, 181, '2025-11-26 07:19:10'),
(1757, 496, 3, NULL, 182, '2025-11-26 07:19:10'),
(1758, 496, 2, 13, 183, '2025-11-26 07:19:10'),
(1760, 497, 3, NULL, 1, '2025-11-26 07:19:30'),
(1761, 497, 5, NULL, 2, '2025-11-26 07:19:32'),
(1762, 497, 2, NULL, 3, '2025-11-26 07:19:32'),
(1763, 497, 5, 13, 4, '2025-11-26 07:19:34'),
(1764, 497, 2, NULL, 5, '2025-11-26 07:19:34'),
(1766, 497, 2, 11, 6, '2025-11-26 07:19:39'),
(1767, 497, 2, 10, 7, '2025-11-26 07:19:39'),
(1771, 497, 2, 11, 8, '2025-11-26 07:19:39'),
(1772, 497, 2, 10, 9, '2025-11-26 07:19:39'),
(1775, 497, 2, 11, 10, '2025-11-26 07:19:39'),
(1776, 497, 2, 10, 11, '2025-11-26 07:19:39'),
(1779, 497, 2, 11, 12, '2025-11-26 07:19:39'),
(1780, 497, 2, 10, 13, '2025-11-26 07:19:39'),
(1783, 497, 2, 11, 14, '2025-11-26 07:19:39'),
(1784, 497, 2, 10, 15, '2025-11-26 07:19:39'),
(1787, 497, 2, 11, 16, '2025-11-26 07:19:39'),
(1788, 497, 2, 10, 17, '2025-11-26 07:19:39'),
(1791, 497, 2, 11, 18, '2025-11-26 07:19:39'),
(1792, 497, 2, 10, 19, '2025-11-26 07:19:39'),
(1793, 497, 3, NULL, 20, '2025-11-26 07:19:39'),
(1794, 497, 3, NULL, 21, '2025-11-26 07:19:39'),
(1795, 497, 3, NULL, 22, '2025-11-26 07:19:39'),
(1796, 497, 3, NULL, 23, '2025-11-26 07:19:39'),
(1797, 497, 3, NULL, 24, '2025-11-26 07:19:39'),
(1798, 497, 3, NULL, 25, '2025-11-26 07:19:39'),
(1799, 497, 3, NULL, 26, '2025-11-26 07:19:39'),
(1800, 497, 3, NULL, 27, '2025-11-26 07:19:39'),
(1801, 497, 3, NULL, 28, '2025-11-26 07:19:39'),
(1802, 497, 3, NULL, 29, '2025-11-26 07:19:39'),
(1803, 497, 3, NULL, 30, '2025-11-26 07:19:39'),
(1804, 497, 3, NULL, 31, '2025-11-26 07:19:39'),
(1805, 497, 3, NULL, 32, '2025-11-26 07:19:39'),
(1806, 497, 3, NULL, 33, '2025-11-26 07:19:39'),
(1807, 497, 3, NULL, 34, '2025-11-26 07:19:39'),
(1808, 497, 3, NULL, 35, '2025-11-26 07:19:39'),
(1809, 497, 3, NULL, 36, '2025-11-26 07:19:40'),
(1810, 497, 3, NULL, 37, '2025-11-26 07:19:40'),
(1811, 497, 3, NULL, 38, '2025-11-26 07:19:40'),
(1812, 497, 3, NULL, 39, '2025-11-26 07:19:40'),
(1813, 497, 3, NULL, 40, '2025-11-26 07:19:40'),
(1814, 497, 3, NULL, 41, '2025-11-26 07:19:40'),
(1815, 497, 3, NULL, 42, '2025-11-26 07:19:40'),
(1816, 497, 3, NULL, 43, '2025-11-26 07:19:40'),
(1817, 497, 3, NULL, 44, '2025-11-26 07:19:40'),
(1818, 497, 3, NULL, 45, '2025-11-26 07:19:40'),
(1819, 497, 3, NULL, 46, '2025-11-26 07:19:40'),
(1820, 497, 3, NULL, 47, '2025-11-26 07:19:40'),
(1823, 497, 3, NULL, 48, '2025-11-26 07:19:40'),
(1824, 497, 3, NULL, 49, '2025-11-26 07:19:40'),
(1825, 497, 2, 10, 50, '2025-11-26 07:19:42'),
(1826, 497, 2, 11, 51, '2025-11-26 07:19:42'),
(1827, 497, 3, NULL, 52, '2025-11-26 07:19:42'),
(1828, 497, 3, NULL, 53, '2025-11-26 07:19:42'),
(1831, 497, 3, NULL, 54, '2025-11-26 07:19:44'),
(1832, 497, 3, NULL, 55, '2025-11-26 07:19:44'),
(1833, 497, 2, 11, 56, '2025-11-26 07:19:50'),
(1834, 497, 2, 10, 57, '2025-11-26 07:19:51'),
(1835, 497, 3, NULL, 58, '2025-11-26 07:19:51'),
(1836, 497, 2, NULL, 59, '2025-11-26 07:19:53'),
(1837, 497, 5, 11, 60, '2025-11-26 07:19:53'),
(1838, 497, 2, 11, 61, '2025-11-26 07:19:55'),
(1839, 497, 2, 11, 62, '2025-11-26 07:19:55'),
(1840, 497, 2, 11, 63, '2025-11-26 07:19:57'),
(1841, 497, 2, 11, 64, '2025-11-26 07:19:57'),
(1842, 497, 5, 11, 65, '2025-11-26 07:19:58'),
(1843, 497, 2, NULL, 66, '2025-11-26 07:19:58'),
(1844, 497, 1, 13, 67, '2025-11-26 07:20:01'),
(1845, 497, 1, 12, 68, '2025-11-26 07:20:01'),
(1846, 497, 1, NULL, 69, '2025-11-26 07:20:01'),
(1847, 497, 2, 13, 70, '2025-11-26 07:20:02'),
(1848, 497, 3, NULL, 71, '2025-11-26 07:20:02'),
(1849, 497, 4, NULL, 72, '2025-11-26 07:20:04'),
(1850, 497, 4, NULL, 73, '2025-11-26 07:20:05'),
(1851, 497, 1, 10, 74, '2025-11-26 07:20:06'),
(1852, 497, 2, 10, 75, '2025-11-26 07:20:08'),
(1853, 497, 3, NULL, 76, '2025-11-26 07:20:08'),
(1854, 497, 4, 10, 77, '2025-11-26 07:20:09'),
(1855, 497, 4, 10, 78, '2025-11-26 07:20:09'),
(1856, 497, 4, 10, 79, '2025-11-26 07:20:09'),
(1857, 497, 4, 10, 80, '2025-11-26 07:20:09'),
(1858, 497, 4, 10, 81, '2025-11-26 07:20:09'),
(1859, 497, 4, 10, 82, '2025-11-26 07:20:09'),
(1860, 497, 4, 10, 83, '2025-11-26 07:20:09'),
(1861, 497, 4, 10, 84, '2025-11-26 07:20:09'),
(1863, 498, 2, 13, 1, '2025-11-26 07:20:33'),
(1865, 498, 2, 10, 2, '2025-11-26 07:20:33'),
(1868, 498, 2, 13, 3, '2025-11-26 07:20:33'),
(1869, 498, 2, 10, 4, '2025-11-26 07:20:33'),
(1872, 498, 2, 13, 5, '2025-11-26 07:20:33'),
(1873, 498, 2, 10, 6, '2025-11-26 07:20:33'),
(1876, 498, 2, 13, 7, '2025-11-26 07:20:33'),
(1877, 498, 2, 10, 8, '2025-11-26 07:20:33'),
(1880, 498, 2, 13, 9, '2025-11-26 07:20:33'),
(1881, 498, 2, 10, 10, '2025-11-26 07:20:33'),
(1882, 498, 3, NULL, 11, '2025-11-26 07:20:33'),
(1883, 498, 3, NULL, 12, '2025-11-26 07:20:33'),
(1884, 498, 3, NULL, 13, '2025-11-26 07:20:33'),
(1885, 498, 3, NULL, 14, '2025-11-26 07:20:33'),
(1886, 498, 3, NULL, 15, '2025-11-26 07:20:33'),
(1887, 498, 3, NULL, 16, '2025-11-26 07:20:33'),
(1888, 498, 3, NULL, 17, '2025-11-26 07:20:33'),
(1889, 498, 3, NULL, 18, '2025-11-26 07:20:33'),
(1890, 498, 3, NULL, 19, '2025-11-26 07:20:33'),
(1891, 498, 3, NULL, 20, '2025-11-26 07:20:33'),
(1892, 498, 3, NULL, 21, '2025-11-26 07:20:33'),
(1893, 498, 3, NULL, 22, '2025-11-26 07:20:33'),
(1894, 498, 3, NULL, 23, '2025-11-26 07:20:33'),
(1895, 498, 3, NULL, 24, '2025-11-26 07:20:33'),
(1896, 498, 3, NULL, 25, '2025-11-26 07:20:33'),
(1897, 498, 3, NULL, 26, '2025-11-26 07:20:33'),
(1898, 498, 3, NULL, 27, '2025-11-26 07:20:33'),
(1899, 498, 3, NULL, 28, '2025-11-26 07:20:33'),
(1900, 498, 3, NULL, 29, '2025-11-26 07:20:33'),
(1901, 498, 3, NULL, 30, '2025-11-26 07:20:33'),
(1903, 498, 3, NULL, 31, '2025-11-26 07:20:48'),
(1904, 498, 2, 12, 32, '2025-11-26 07:20:50'),
(1905, 498, 3, NULL, 33, '2025-11-26 07:20:50'),
(1907, 498, 3, NULL, 34, '2025-11-26 07:20:52'),
(1908, 498, 5, 13, 35, '2025-11-26 07:20:53'),
(1909, 498, 2, NULL, 36, '2025-11-26 07:20:53'),
(1911, 498, 3, NULL, 37, '2025-11-26 07:20:54'),
(1912, 498, 5, 10, 38, '2025-11-26 07:20:55'),
(1913, 498, 2, NULL, 39, '2025-11-26 07:20:55'),
(1915, 498, 3, NULL, 40, '2025-11-26 07:20:56'),
(1916, 498, 5, 13, 41, '2025-11-26 07:20:57'),
(1917, 498, 2, NULL, 42, '2025-11-26 07:20:57'),
(1919, 498, 3, NULL, 43, '2025-11-26 07:20:58'),
(1920, 498, 2, 10, 44, '2025-11-26 07:20:59'),
(1921, 498, 2, 10, 45, '2025-11-26 07:20:59'),
(1923, 498, 3, NULL, 46, '2025-11-26 07:21:00'),
(1924, 498, 2, 10, 47, '2025-11-26 07:21:00'),
(1925, 498, 3, NULL, 48, '2025-11-26 07:21:00'),
(1926, 498, 5, 10, 49, '2025-11-26 07:21:02'),
(1927, 498, 2, NULL, 50, '2025-11-26 07:21:02'),
(1928, 498, 2, NULL, 51, '2025-11-26 07:21:04'),
(1929, 498, 1, 11, 52, '2025-11-26 07:21:16'),
(1930, 498, 2, 11, 53, '2025-11-26 07:21:17'),
(1931, 498, 3, NULL, 54, '2025-11-26 07:21:17'),
(1932, 498, 1, 13, 55, '2025-11-26 07:22:18'),
(1933, 498, 1, 12, 56, '2025-11-26 07:22:18'),
(1934, 498, 1, NULL, 57, '2025-11-26 07:22:18'),
(1935, 498, 2, NULL, 58, '2025-11-26 07:22:22'),
(1936, 498, 5, 13, 59, '2025-11-26 07:22:22'),
(1937, 498, 1, 10, 60, '2025-11-26 07:22:23'),
(1938, 498, 2, 10, 61, '2025-11-26 07:22:24'),
(1939, 498, 3, NULL, 62, '2025-11-26 07:22:24'),
(1940, 498, 4, 10, 63, '2025-11-26 07:22:25'),
(1941, 498, 4, 10, 64, '2025-11-26 07:22:25'),
(1942, 498, 4, 10, 65, '2025-11-26 07:22:25'),
(1943, 498, 4, 10, 66, '2025-11-26 07:22:25'),
(1944, 498, 4, 10, 67, '2025-11-26 07:22:25'),
(1945, 498, 4, 10, 68, '2025-11-26 07:22:25'),
(1946, 498, 4, 10, 69, '2025-11-26 07:22:25'),
(1947, 498, 4, 10, 70, '2025-11-26 07:22:25'),
(1948, 498, 4, 10, 71, '2025-11-26 07:22:25'),
(1949, 498, 4, 10, 72, '2025-11-26 07:22:25'),
(1950, 498, 4, 10, 73, '2025-11-26 07:22:25'),
(1951, 498, 4, 10, 74, '2025-11-26 07:22:26'),
(1952, 498, 4, 10, 75, '2025-11-26 07:22:27'),
(1953, 498, 1, 11, 76, '2025-11-26 07:22:46'),
(1954, 498, 2, 11, 77, '2025-11-26 07:22:47'),
(1955, 498, 3, NULL, 78, '2025-11-26 07:22:47'),
(1956, 498, 1, 10, 79, '2025-11-26 07:22:49'),
(1957, 498, 2, 10, 80, '2025-11-26 07:22:50'),
(1958, 498, 3, NULL, 81, '2025-11-26 07:22:50'),
(1959, 498, 4, 10, 82, '2025-11-26 07:22:51'),
(1960, 498, 4, 10, 83, '2025-11-26 07:22:51'),
(1961, 498, 4, 10, 84, '2025-11-26 07:22:51'),
(1962, 498, 4, 10, 85, '2025-11-26 07:22:51'),
(1963, 498, 4, 10, 86, '2025-11-26 07:22:51'),
(1964, 498, 4, 10, 87, '2025-11-26 07:22:51'),
(1965, 498, 4, 10, 88, '2025-11-26 07:22:51'),
(1966, 498, 4, 10, 89, '2025-11-26 07:22:51'),
(1967, 498, 4, 10, 90, '2025-11-26 07:22:51'),
(1968, 498, 4, 10, 91, '2025-11-26 07:22:51'),
(1969, 498, 4, 10, 92, '2025-11-26 07:22:51'),
(1970, 498, 4, 10, 93, '2025-11-26 07:22:52'),
(1971, 498, 4, 10, 94, '2025-11-26 07:22:52'),
(1972, 498, 4, 10, 95, '2025-11-26 07:22:52'),
(1973, 498, 1, 13, 96, '2025-11-26 07:23:00'),
(1974, 498, 1, 12, 97, '2025-11-26 07:23:01'),
(1975, 498, 1, NULL, 98, '2025-11-26 07:23:01'),
(1976, 498, 2, 13, 99, '2025-11-26 07:23:01'),
(1977, 498, 3, NULL, 100, '2025-11-26 07:23:01'),
(1978, 498, 4, NULL, 101, '2025-11-26 07:23:04'),
(1979, 498, 4, NULL, 102, '2025-11-26 07:23:04'),
(1980, 498, 1, 10, 103, '2025-11-26 07:23:06'),
(1981, 498, 2, 10, 104, '2025-11-26 07:23:07'),
(1982, 498, 3, NULL, 105, '2025-11-26 07:23:07'),
(1983, 498, 4, 10, 106, '2025-11-26 07:23:08'),
(1984, 498, 4, 10, 107, '2025-11-26 07:23:08'),
(1985, 498, 4, 10, 108, '2025-11-26 07:23:08'),
(1986, 498, 4, 10, 109, '2025-11-26 07:23:08'),
(1987, 498, 4, 10, 110, '2025-11-26 07:23:08'),
(1988, 498, 4, 10, 111, '2025-11-26 07:23:08'),
(1989, 498, 4, 10, 112, '2025-11-26 07:23:08'),
(1990, 498, 4, 10, 113, '2025-11-26 07:23:09'),
(1991, 498, 4, 10, 114, '2025-11-26 07:23:09'),
(1992, 498, 4, 10, 115, '2025-11-26 07:23:09'),
(1993, 498, 4, 10, 116, '2025-11-26 07:23:10'),
(1995, 499, 3, NULL, 1, '2025-11-26 07:23:35'),
(1996, 499, 5, 11, 2, '2025-11-26 07:23:36'),
(1997, 499, 2, NULL, 3, '2025-11-26 07:23:36'),
(1998, 499, 1, 13, 4, '2025-11-26 07:23:40'),
(1999, 499, 1, 12, 5, '2025-11-26 07:23:40'),
(2000, 499, 1, NULL, 6, '2025-11-26 07:23:40'),
(2001, 499, 2, 13, 7, '2025-11-26 07:23:41'),
(2002, 499, 3, NULL, 8, '2025-11-26 07:23:41'),
(2003, 499, 4, 13, 9, '2025-11-26 07:23:43'),
(2004, 499, 4, NULL, 10, '2025-11-26 07:23:46'),
(2005, 499, 4, NULL, 11, '2025-11-26 07:23:46'),
(2006, 500, 1, 13, 1, '2025-11-26 07:26:02'),
(2007, 500, 1, 12, 2, '2025-11-26 07:26:02'),
(2008, 500, 1, NULL, 3, '2025-11-26 07:26:02'),
(2009, 500, 2, 13, 4, '2025-11-26 07:26:03'),
(2010, 500, 3, NULL, 5, '2025-11-26 07:26:03'),
(2011, 500, 4, NULL, 6, '2025-11-26 07:26:05'),
(2012, 500, 4, NULL, 7, '2025-11-26 07:26:05'),
(2013, 500, 1, 10, 8, '2025-11-26 07:26:10'),
(2014, 500, 2, 10, 9, '2025-11-26 07:26:11'),
(2015, 500, 3, NULL, 10, '2025-11-26 07:26:11'),
(2016, 500, 4, 10, 11, '2025-11-26 07:26:13'),
(2017, 500, 4, 10, 12, '2025-11-26 07:26:13'),
(2018, 500, 4, 10, 13, '2025-11-26 07:26:13'),
(2019, 500, 4, 10, 14, '2025-11-26 07:26:14'),
(2020, 500, 4, 10, 15, '2025-11-26 07:26:14'),
(2021, 500, 4, 10, 16, '2025-11-26 07:26:14'),
(2022, 500, 1, 11, 17, '2025-11-26 07:26:28'),
(2023, 500, 2, 11, 18, '2025-11-26 07:26:29'),
(2024, 500, 3, NULL, 19, '2025-11-26 07:26:29'),
(2025, 500, 1, 10, 20, '2025-11-26 07:26:32'),
(2026, 500, 2, 10, 21, '2025-11-26 07:26:33'),
(2027, 500, 3, NULL, 22, '2025-11-26 07:26:33'),
(2028, 500, 4, 10, 23, '2025-11-26 07:26:34'),
(2029, 500, 4, 10, 24, '2025-11-26 07:26:35'),
(2030, 500, 4, 10, 25, '2025-11-26 07:26:35'),
(2031, 500, 4, 10, 26, '2025-11-26 07:26:35'),
(2032, 500, 4, 10, 27, '2025-11-26 07:26:35'),
(2033, 500, 4, 10, 28, '2025-11-26 07:26:35'),
(2034, 500, 4, 10, 29, '2025-11-26 07:26:36'),
(2035, 500, 4, 10, 30, '2025-11-26 07:26:37'),
(2036, 500, 2, 11, 31, '2025-11-26 07:26:50'),
(2038, 500, 2, 10, 32, '2025-11-26 07:26:50'),
(2042, 500, 2, 11, 33, '2025-11-26 07:26:50'),
(2043, 500, 2, 10, 34, '2025-11-26 07:26:50'),
(2046, 500, 2, 11, 35, '2025-11-26 07:26:50'),
(2047, 500, 2, 10, 36, '2025-11-26 07:26:50'),
(2050, 500, 2, 11, 37, '2025-11-26 07:26:50'),
(2051, 500, 2, 10, 38, '2025-11-26 07:26:50'),
(2054, 500, 2, 11, 39, '2025-11-26 07:26:50'),
(2055, 500, 2, 10, 40, '2025-11-26 07:26:50'),
(2056, 500, 3, NULL, 41, '2025-11-26 07:26:50'),
(2057, 500, 3, NULL, 42, '2025-11-26 07:26:50'),
(2058, 500, 3, NULL, 43, '2025-11-26 07:26:50'),
(2059, 500, 3, NULL, 44, '2025-11-26 07:26:50'),
(2060, 500, 3, NULL, 45, '2025-11-26 07:26:50'),
(2061, 500, 3, NULL, 46, '2025-11-26 07:26:50'),
(2062, 500, 3, NULL, 47, '2025-11-26 07:26:50'),
(2063, 500, 3, NULL, 48, '2025-11-26 07:26:50'),
(2064, 500, 3, NULL, 49, '2025-11-26 07:26:50'),
(2065, 500, 3, NULL, 50, '2025-11-26 07:26:50'),
(2066, 500, 3, NULL, 51, '2025-11-26 07:26:50'),
(2067, 500, 3, NULL, 52, '2025-11-26 07:26:50'),
(2068, 500, 3, NULL, 53, '2025-11-26 07:26:50'),
(2069, 500, 3, NULL, 54, '2025-11-26 07:26:50'),
(2070, 500, 3, NULL, 55, '2025-11-26 07:26:50'),
(2071, 500, 3, NULL, 56, '2025-11-26 07:26:50'),
(2072, 500, 3, NULL, 57, '2025-11-26 07:26:50'),
(2073, 500, 3, NULL, 58, '2025-11-26 07:26:50'),
(2074, 500, 3, NULL, 59, '2025-11-26 07:26:50'),
(2075, 500, 3, NULL, 60, '2025-11-26 07:26:50'),
(2076, 500, 2, 11, 61, '2025-11-26 07:26:51'),
(2079, 500, 2, 10, 62, '2025-11-26 07:26:51'),
(2080, 500, 3, NULL, 63, '2025-11-26 07:26:51'),
(2081, 500, 3, NULL, 64, '2025-11-26 07:26:51'),
(2082, 500, 3, NULL, 65, '2025-11-26 07:26:51'),
(2083, 500, 3, NULL, 66, '2025-11-26 07:26:51'),
(2084, 500, 2, 11, 67, '2025-11-26 07:26:52'),
(2086, 500, 2, 10, 68, '2025-11-26 07:26:52'),
(2088, 500, 3, NULL, 69, '2025-11-26 07:26:52'),
(2089, 500, 3, NULL, 70, '2025-11-26 07:26:52'),
(2090, 500, 3, NULL, 71, '2025-11-26 07:26:52'),
(2091, 500, 3, NULL, 72, '2025-11-26 07:26:52'),
(2096, 500, 2, 11, 73, '2025-11-26 07:27:02'),
(2097, 500, 2, 10, 74, '2025-11-26 07:27:02'),
(2098, 500, 3, NULL, 75, '2025-11-26 07:27:02'),
(2099, 500, 3, NULL, 76, '2025-11-26 07:27:02'),
(2100, 500, 3, NULL, 77, '2025-11-26 07:27:02'),
(2101, 500, 3, NULL, 78, '2025-11-26 07:27:02'),
(2103, 500, 2, 11, 79, '2025-11-26 07:27:04'),
(2105, 500, 2, 10, 80, '2025-11-26 07:27:04'),
(2106, 500, 3, NULL, 81, '2025-11-26 07:27:04'),
(2107, 500, 3, NULL, 82, '2025-11-26 07:27:04'),
(2108, 500, 3, NULL, 83, '2025-11-26 07:27:04'),
(2109, 500, 3, NULL, 84, '2025-11-26 07:27:04'),
(2111, 500, 2, 10, 85, '2025-11-26 07:27:06'),
(2113, 500, 2, 11, 86, '2025-11-26 07:27:06'),
(2114, 500, 3, NULL, 87, '2025-11-26 07:27:06'),
(2115, 500, 3, NULL, 88, '2025-11-26 07:27:06'),
(2116, 500, 3, NULL, 89, '2025-11-26 07:27:06'),
(2117, 500, 3, NULL, 90, '2025-11-26 07:27:06'),
(2120, 500, 2, 11, 91, '2025-11-26 07:27:07'),
(2121, 500, 2, 10, 92, '2025-11-26 07:27:07'),
(2122, 500, 3, NULL, 93, '2025-11-26 07:27:07'),
(2123, 500, 3, NULL, 94, '2025-11-26 07:27:07'),
(2124, 500, 3, NULL, 95, '2025-11-26 07:27:07'),
(2125, 500, 3, NULL, 96, '2025-11-26 07:27:07'),
(2134, 500, 3, NULL, 97, '2025-11-26 07:27:36'),
(2135, 500, 2, 13, 98, '2025-11-26 07:27:44'),
(2138, 500, 3, NULL, 99, '2025-11-26 07:27:47'),
(2139, 500, 2, 11, 100, '2025-11-26 07:27:48'),
(2146, 500, 3, NULL, 101, '2025-11-26 07:28:03'),
(2147, 500, 2, 10, 102, '2025-11-26 07:28:03'),
(2148, 500, 2, 10, 103, '2025-11-26 07:28:27'),
(2149, 500, 3, NULL, 104, '2025-11-26 07:28:28'),
(2154, 500, 1, 11, 105, '2025-11-26 07:29:09'),
(2155, 500, 2, 11, 106, '2025-11-26 07:29:10'),
(2157, 500, 1, 13, 107, '2025-11-26 07:29:16'),
(2158, 500, 1, 12, 108, '2025-11-26 07:29:16'),
(2159, 500, 1, NULL, 109, '2025-11-26 07:29:16'),
(2160, 500, 2, 13, 110, '2025-11-26 07:29:18'),
(2162, 500, 4, NULL, 111, '2025-11-26 07:29:21'),
(2163, 500, 4, NULL, 112, '2025-11-26 07:29:21'),
(2165, 500, 3, NULL, 113, '2025-11-26 07:29:23'),
(2166, 500, 2, 10, 114, '2025-11-26 07:29:24'),
(2167, 500, 3, NULL, 115, '2025-11-26 07:29:24'),
(2170, 501, 2, NULL, 1, '2025-11-26 07:30:10'),
(2171, 501, 5, 11, 2, '2025-11-26 07:30:10'),
(2174, 501, 2, 11, 3, '2025-11-26 07:30:43'),
(2176, 501, 1, 13, 4, '2025-11-26 07:30:47'),
(2177, 501, 1, 12, 5, '2025-11-26 07:30:47'),
(2178, 501, 1, NULL, 6, '2025-11-26 07:30:47'),
(2179, 501, 2, 13, 7, '2025-11-26 07:30:48'),
(2181, 501, 4, NULL, 8, '2025-11-26 07:31:03'),
(2182, 501, 4, NULL, 9, '2025-11-26 07:31:03'),
(2183, 501, 4, NULL, 10, '2025-11-26 07:31:12'),
(2184, 501, 4, NULL, 11, '2025-11-26 07:31:13'),
(2185, 501, 4, NULL, 12, '2025-11-26 07:31:16'),
(2186, 501, 4, NULL, 13, '2025-11-26 07:31:16'),
(2187, 501, 4, 13, 14, '2025-11-26 07:31:19'),
(2188, 502, 4, 13, 1, '2025-11-26 07:31:32'),
(2189, 502, 4, NULL, 2, '2025-11-26 07:31:33'),
(2190, 502, 4, NULL, 3, '2025-11-26 07:31:34'),
(2193, 503, 2, 13, 1, '2025-11-26 07:31:47'),
(2196, 503, 2, NULL, 2, '2025-11-26 07:31:49'),
(2198, 503, 2, 13, 3, '2025-11-26 07:31:51'),
(2199, 503, 3, NULL, 4, '2025-11-26 07:31:51'),
(2200, 504, 4, NULL, 1, '2025-11-26 07:32:26'),
(2201, 504, 4, NULL, 2, '2025-11-26 07:32:26'),
(2202, 505, 4, NULL, 1, '2025-11-26 07:32:40'),
(2203, 505, 4, NULL, 2, '2025-11-26 07:32:40'),
(2209, 506, 3, NULL, 1, '2025-11-26 07:32:54'),
(2210, 506, 2, 13, 2, '2025-11-26 07:32:54'),
(2211, 506, 2, 13, 3, '2025-11-26 07:32:54'),
(2216, 506, 2, 13, 4, '2025-11-26 07:32:58'),
(2218, 506, 1, 13, 5, '2025-11-26 07:33:01'),
(2219, 506, 1, 12, 6, '2025-11-26 07:33:01'),
(2220, 506, 1, NULL, 7, '2025-11-26 07:33:01'),
(2221, 506, 2, 13, 8, '2025-11-26 07:33:03'),
(2225, 506, 2, NULL, 9, '2025-11-26 07:33:25'),
(2226, 506, 5, 13, 10, '2025-11-26 07:33:25'),
(2229, 506, 5, 13, 11, '2025-11-26 07:33:28'),
(2230, 506, 2, NULL, 12, '2025-11-26 07:33:28'),
(2231, 506, 1, 11, 13, '2025-11-26 07:34:00'),
(2232, 506, 2, 11, 14, '2025-11-26 07:34:02'),
(2234, 506, 1, 13, 15, '2025-11-26 07:34:04'),
(2235, 506, 1, 12, 16, '2025-11-26 07:34:04'),
(2236, 506, 1, NULL, 17, '2025-11-26 07:34:04'),
(2237, 506, 2, 13, 18, '2025-11-26 07:34:05'),
(2239, 506, 4, NULL, 19, '2025-11-26 07:34:10'),
(2240, 506, 4, NULL, 20, '2025-11-26 07:34:10'),
(2241, 506, 4, 13, 21, '2025-11-26 07:34:12'),
(2242, 506, 4, 10, 22, '2025-11-26 07:34:24'),
(2243, 506, 4, 10, 23, '2025-11-26 07:34:24'),
(2244, 506, 4, 10, 24, '2025-11-26 07:34:24'),
(2245, 506, 4, 10, 25, '2025-11-26 07:34:24'),
(2246, 506, 4, 10, 26, '2025-11-26 07:34:24'),
(2247, 506, 4, 10, 27, '2025-11-26 07:34:24'),
(2248, 506, 4, 10, 28, '2025-11-26 07:34:24'),
(2249, 506, 4, 10, 29, '2025-11-26 07:34:25'),
(2250, 506, 4, 10, 30, '2025-11-26 07:34:25'),
(2251, 506, 4, 10, 31, '2025-11-26 07:34:26'),
(2252, 506, 4, 10, 32, '2025-11-26 07:34:26'),
(2253, 506, 4, 10, 33, '2025-11-26 07:34:26'),
(2254, 506, 4, 10, 34, '2025-11-26 07:34:26'),
(2255, 506, 4, 10, 35, '2025-11-26 07:34:26'),
(2256, 506, 4, 10, 36, '2025-11-26 07:34:26'),
(2257, 506, 4, 10, 37, '2025-11-26 07:34:26'),
(2258, 506, 4, 10, 38, '2025-11-26 07:34:27'),
(2259, 506, 4, 10, 39, '2025-11-26 07:34:27'),
(2260, 506, 4, 10, 40, '2025-11-26 07:34:27'),
(2261, 506, 4, 10, 41, '2025-11-26 07:34:27'),
(2262, 506, 4, 10, 42, '2025-11-26 07:34:27'),
(2263, 506, 4, 10, 43, '2025-11-26 07:34:27'),
(2264, 506, 4, 10, 44, '2025-11-26 07:34:27'),
(2265, 506, 4, 12, 45, '2025-11-26 07:34:54'),
(2266, 506, 4, NULL, 46, '2025-11-26 07:34:56'),
(2267, 506, 4, NULL, 47, '2025-11-26 07:34:57'),
(2268, 506, 4, 10, 48, '2025-11-26 07:35:01'),
(2269, 506, 4, 10, 49, '2025-11-26 07:35:01'),
(2270, 506, 4, 10, 50, '2025-11-26 07:35:01'),
(2271, 506, 4, 10, 51, '2025-11-26 07:35:01'),
(2272, 506, 4, 10, 52, '2025-11-26 07:35:01'),
(2273, 506, 4, 10, 53, '2025-11-26 07:35:01'),
(2274, 506, 4, 10, 54, '2025-11-26 07:35:02'),
(2275, 506, 4, 10, 55, '2025-11-26 07:35:02'),
(2276, 506, 4, 10, 56, '2025-11-26 07:35:02'),
(2277, 506, 4, 10, 57, '2025-11-26 07:35:02'),
(2278, 506, 4, 10, 58, '2025-11-26 07:35:02'),
(2279, 506, 4, 10, 59, '2025-11-26 07:35:02'),
(2280, 506, 4, 10, 60, '2025-11-26 07:35:02'),
(2281, 506, 4, 10, 61, '2025-11-26 07:35:02'),
(2282, 506, 4, 10, 62, '2025-11-26 07:35:02'),
(2283, 506, 4, 10, 63, '2025-11-26 07:35:02'),
(2284, 506, 4, 10, 64, '2025-11-26 07:35:02'),
(2285, 506, 4, 10, 65, '2025-11-26 07:35:02'),
(2286, 506, 4, 10, 66, '2025-11-26 07:35:02'),
(2287, 506, 4, 10, 67, '2025-11-26 07:35:02'),
(2288, 506, 4, 10, 68, '2025-11-26 07:35:02'),
(2289, 506, 4, 10, 69, '2025-11-26 07:35:03'),
(2290, 506, 4, 10, 70, '2025-11-26 07:35:03'),
(2291, 506, 4, 10, 71, '2025-11-26 07:35:03'),
(2292, 506, 4, 10, 72, '2025-11-26 07:35:03'),
(2293, 506, 4, 10, 73, '2025-11-26 07:35:03'),
(2294, 506, 4, 10, 74, '2025-11-26 07:35:03'),
(2295, 506, 4, 10, 75, '2025-11-26 07:35:03'),
(2296, 506, 4, 10, 76, '2025-11-26 07:35:04'),
(2297, 506, 4, 10, 77, '2025-11-26 07:35:04'),
(2298, 506, 4, 10, 78, '2025-11-26 07:35:04'),
(2299, 506, 4, 10, 79, '2025-11-26 07:35:05'),
(2300, 506, 4, 10, 80, '2025-11-26 07:35:05'),
(2301, 506, 4, 10, 81, '2025-11-26 07:35:05'),
(2302, 506, 4, 10, 82, '2025-11-26 07:35:05'),
(2303, 506, 4, 10, 83, '2025-11-26 07:35:05'),
(2304, 506, 4, 10, 84, '2025-11-26 07:35:05'),
(2305, 506, 4, 10, 85, '2025-11-26 07:35:05'),
(2306, 506, 4, 10, 86, '2025-11-26 07:35:05'),
(2307, 506, 4, 10, 87, '2025-11-26 07:35:05'),
(2308, 506, 4, 10, 88, '2025-11-26 07:35:05'),
(2309, 506, 4, 10, 89, '2025-11-26 07:35:06'),
(2310, 506, 4, 10, 90, '2025-11-26 07:35:06'),
(2311, 506, 4, 10, 91, '2025-11-26 07:35:06'),
(2317, 506, 2, 10, 92, '2025-11-26 07:35:17'),
(2319, 506, 2, 10, 93, '2025-11-26 07:35:17'),
(2323, 506, 2, 10, 94, '2025-11-26 07:35:17'),
(2327, 506, 2, 10, 95, '2025-11-26 07:35:17'),
(2331, 506, 2, 10, 96, '2025-11-26 07:35:17'),
(2335, 506, 2, 10, 97, '2025-11-26 07:35:17'),
(2339, 506, 2, 10, 98, '2025-11-26 07:35:17'),
(2341, 506, 3, NULL, 99, '2025-11-26 07:35:17'),
(2344, 506, 3, NULL, 100, '2025-11-26 07:35:17'),
(2345, 506, 3, NULL, 101, '2025-11-26 07:35:17'),
(2347, 506, 3, NULL, 102, '2025-11-26 07:35:17'),
(2350, 506, 3, NULL, 103, '2025-11-26 07:35:17'),
(2351, 506, 3, NULL, 104, '2025-11-26 07:35:17'),
(2353, 506, 3, NULL, 105, '2025-11-26 07:35:17'),
(2355, 506, 3, NULL, 106, '2025-11-26 07:35:17'),
(2357, 506, 3, NULL, 107, '2025-11-26 07:35:17'),
(2359, 506, 3, NULL, 108, '2025-11-26 07:35:17'),
(2361, 506, 3, NULL, 109, '2025-11-26 07:35:17'),
(2363, 506, 3, NULL, 110, '2025-11-26 07:35:17'),
(2365, 506, 3, NULL, 111, '2025-11-26 07:35:17'),
(2367, 506, 3, NULL, 112, '2025-11-26 07:35:17'),
(2369, 506, 2, 10, 113, '2025-11-26 07:35:18'),
(2373, 506, 3, NULL, 114, '2025-11-26 07:35:18'),
(2375, 506, 3, NULL, 115, '2025-11-26 07:35:18'),
(2379, 506, 2, 10, 116, '2025-11-26 07:35:18'),
(2383, 506, 2, 10, 117, '2025-11-26 07:35:18'),
(2387, 506, 2, 10, 118, '2025-11-26 07:35:19'),
(2391, 506, 2, 10, 119, '2025-11-26 07:35:19'),
(2393, 506, 3, NULL, 120, '2025-11-26 07:35:19'),
(2395, 506, 3, NULL, 121, '2025-11-26 07:35:19'),
(2397, 506, 3, NULL, 122, '2025-11-26 07:35:19'),
(2399, 506, 3, NULL, 123, '2025-11-26 07:35:19'),
(2401, 506, 3, NULL, 124, '2025-11-26 07:35:19'),
(2403, 506, 3, NULL, 125, '2025-11-26 07:35:19'),
(2405, 506, 3, NULL, 126, '2025-11-26 07:35:19'),
(2407, 506, 3, NULL, 127, '2025-11-26 07:35:19'),
(2408, 506, 1, 13, 128, '2025-11-26 07:35:28'),
(2409, 506, 1, 12, 129, '2025-11-26 07:35:28'),
(2410, 506, 1, NULL, 130, '2025-11-26 07:35:28'),
(2411, 506, 2, 13, 131, '2025-11-26 07:35:29'),
(2412, 506, 3, NULL, 132, '2025-11-26 07:35:29'),
(2413, 506, 4, NULL, 133, '2025-11-26 07:35:33'),
(2414, 506, 4, NULL, 134, '2025-11-26 07:35:33'),
(2415, 506, 1, 10, 135, '2025-11-26 07:35:40'),
(2416, 506, 2, 10, 136, '2025-11-26 07:35:41'),
(2417, 506, 3, NULL, 137, '2025-11-26 07:35:41'),
(2418, 506, 1, 10, 138, '2025-11-26 07:35:49'),
(2419, 506, 2, 10, 139, '2025-11-26 07:35:50'),
(2420, 506, 3, NULL, 140, '2025-11-26 07:35:50'),
(2421, 506, 4, 10, 141, '2025-11-26 07:35:52'),
(2422, 506, 4, 10, 142, '2025-11-26 07:35:52'),
(2423, 506, 4, 10, 143, '2025-11-26 07:35:52'),
(2424, 506, 2, NULL, 144, '2025-11-26 07:35:55'),
(2431, 508, 3, NULL, 1, '2025-11-26 07:36:16'),
(2432, 508, 2, 13, 2, '2025-11-26 07:36:17'),
(2433, 508, 2, 13, 3, '2025-11-26 07:36:23'),
(2435, 508, 1, 13, 4, '2025-11-26 07:36:25'),
(2436, 508, 1, 12, 5, '2025-11-26 07:36:25'),
(2437, 508, 1, NULL, 6, '2025-11-26 07:36:25'),
(2438, 508, 2, 13, 7, '2025-11-26 07:36:26'),
(2440, 508, 4, NULL, 8, '2025-11-26 07:36:28'),
(2441, 508, 4, NULL, 9, '2025-11-26 07:36:28'),
(2442, 509, 2, NULL, 1, '2025-11-26 07:37:03'),
(2443, 509, 2, NULL, 2, '2025-11-26 07:37:03'),
(2444, 509, 2, NULL, 3, '2025-11-26 07:37:04'),
(2447, 509, 2, 13, 4, '2025-11-26 07:37:26'),
(2449, 509, 2, 13, 5, '2025-11-26 07:37:27'),
(2451, 509, 3, NULL, 6, '2025-11-26 07:37:27'),
(2453, 509, 2, NULL, 7, '2025-11-26 07:37:29'),
(2455, 509, 4, NULL, 8, '2025-11-26 07:37:31'),
(2456, 509, 4, NULL, 9, '2025-11-26 07:37:31'),
(2458, 509, 3, NULL, 10, '2025-11-26 07:37:36'),
(2459, 509, 2, 10, 11, '2025-11-26 07:37:37'),
(2460, 509, 2, 10, 12, '2025-11-26 07:37:37'),
(2462, 509, 2, 10, 13, '2025-11-26 07:37:37'),
(2463, 509, 3, NULL, 14, '2025-11-26 07:37:37'),
(2464, 509, 3, NULL, 15, '2025-11-26 07:37:37'),
(2465, 509, 3, NULL, 16, '2025-11-26 07:37:37'),
(2467, 509, 3, NULL, 17, '2025-11-26 07:37:38'),
(2468, 509, 5, 10, 18, '2025-11-26 07:37:39'),
(2469, 509, 2, NULL, 19, '2025-11-26 07:37:39'),
(2473, 509, 1, 11, 20, '2025-11-26 07:37:46'),
(2474, 509, 2, 11, 21, '2025-11-26 07:37:47'),
(2475, 509, 3, NULL, 22, '2025-11-26 07:37:47'),
(2477, 509, 3, NULL, 23, '2025-11-26 07:37:52'),
(2478, 509, 2, 10, 24, '2025-11-26 07:37:53'),
(2480, 509, 2, 10, 25, '2025-11-26 07:37:53'),
(2481, 509, 2, 10, 26, '2025-11-26 07:37:53'),
(2482, 509, 3, NULL, 27, '2025-11-26 07:37:53');
INSERT INTO `ACCION` (`id`, `intento_id`, `tipo_accion_id`, `tipo_bloque_id`, `numero_secuencia`, `creado_en`) VALUES
(2483, 509, 3, NULL, 28, '2025-11-26 07:37:53'),
(2484, 509, 3, NULL, 29, '2025-11-26 07:37:53'),
(2486, 509, 3, NULL, 30, '2025-11-26 07:37:54'),
(2487, 509, 2, NULL, 31, '2025-11-26 07:37:55'),
(2488, 509, 5, 10, 32, '2025-11-26 07:37:55'),
(2489, 509, 4, 13, 33, '2025-11-26 07:38:06'),
(2490, 509, 4, NULL, 34, '2025-11-26 07:38:07'),
(2491, 509, 4, NULL, 35, '2025-11-26 07:38:08'),
(2492, 509, 1, 13, 36, '2025-11-26 07:38:10'),
(2493, 509, 1, 12, 37, '2025-11-26 07:38:10'),
(2494, 509, 1, NULL, 38, '2025-11-26 07:38:10'),
(2495, 509, 2, 13, 39, '2025-11-26 07:38:12'),
(2497, 509, 1, 10, 40, '2025-11-26 07:38:20'),
(2498, 509, 2, 10, 41, '2025-11-26 07:38:21'),
(2499, 509, 3, NULL, 42, '2025-11-26 07:38:21'),
(2500, 509, 4, 10, 43, '2025-11-26 07:38:22'),
(2501, 509, 4, 10, 44, '2025-11-26 07:38:22'),
(2502, 509, 4, 10, 45, '2025-11-26 07:38:22'),
(2503, 509, 4, 10, 46, '2025-11-26 07:38:22'),
(2504, 509, 4, 10, 47, '2025-11-26 07:38:22'),
(2505, 509, 4, 10, 48, '2025-11-26 07:38:22'),
(2506, 509, 1, 10, 49, '2025-11-26 07:38:24'),
(2507, 509, 2, 10, 50, '2025-11-26 07:38:25'),
(2508, 509, 3, NULL, 51, '2025-11-26 07:38:25'),
(2509, 509, 4, 10, 52, '2025-11-26 07:38:26'),
(2510, 509, 4, 10, 53, '2025-11-26 07:38:26'),
(2511, 509, 4, 10, 54, '2025-11-26 07:38:26'),
(2512, 509, 4, 10, 55, '2025-11-26 07:38:27'),
(2513, 509, 4, 10, 56, '2025-11-26 07:38:27'),
(2514, 509, 4, 10, 57, '2025-11-26 07:38:27'),
(2515, 509, 4, 10, 58, '2025-11-26 07:38:27'),
(2516, 509, 4, 10, 59, '2025-11-26 07:38:27'),
(2517, 509, 4, 10, 60, '2025-11-26 07:38:28'),
(2518, 509, 4, 10, 61, '2025-11-26 07:38:29'),
(2519, 509, 4, 10, 62, '2025-11-26 07:38:29'),
(2522, 509, 2, NULL, 63, '2025-11-26 07:38:32'),
(2523, 509, 5, 11, 64, '2025-11-26 07:38:32'),
(2525, 509, 2, NULL, 65, '2025-11-26 07:38:34'),
(2526, 511, 1, 13, 1, '2025-11-26 07:39:24'),
(2527, 511, 1, 12, 2, '2025-11-26 07:39:24'),
(2528, 511, 1, NULL, 3, '2025-11-26 07:39:24'),
(2529, 511, 2, 13, 4, '2025-11-26 07:39:25'),
(2530, 511, 3, NULL, 5, '2025-11-26 07:39:25'),
(2531, 512, 1, 10, 1, '2025-11-26 07:39:29'),
(2532, 512, 2, 10, 2, '2025-11-26 07:39:29'),
(2533, 512, 3, NULL, 3, '2025-11-26 07:39:29'),
(2537, 514, 3, NULL, 1, '2025-11-26 07:40:03'),
(2538, 514, 2, NULL, 2, '2025-11-26 07:40:03'),
(2539, 514, 5, 13, 3, '2025-11-26 07:40:03'),
(2541, 514, 3, NULL, 4, '2025-11-26 07:40:04'),
(2542, 514, 5, 10, 5, '2025-11-26 07:40:05'),
(2543, 514, 2, NULL, 6, '2025-11-26 07:40:05'),
(2552, 514, 1, 10, 7, '2025-11-26 07:40:16'),
(2553, 514, 2, 10, 8, '2025-11-26 07:40:17'),
(2554, 514, 3, NULL, 9, '2025-11-26 07:40:17'),
(2555, 514, 4, 10, 10, '2025-11-26 07:40:18'),
(2556, 514, 4, 10, 11, '2025-11-26 07:40:18'),
(2557, 514, 4, 10, 12, '2025-11-26 07:40:18'),
(2558, 514, 4, 10, 13, '2025-11-26 07:40:18'),
(2559, 514, 4, 10, 14, '2025-11-26 07:40:18'),
(2560, 514, 1, 10, 15, '2025-11-26 07:40:22'),
(2561, 514, 2, 10, 16, '2025-11-26 07:40:23'),
(2562, 514, 3, NULL, 17, '2025-11-26 07:40:23'),
(2563, 514, 4, 10, 18, '2025-11-26 07:40:24'),
(2564, 514, 4, 10, 19, '2025-11-26 07:40:24'),
(2565, 514, 4, 10, 20, '2025-11-26 07:40:24'),
(2566, 514, 4, 10, 21, '2025-11-26 07:40:24'),
(2567, 514, 4, 10, 22, '2025-11-26 07:40:24'),
(2568, 514, 4, 10, 23, '2025-11-26 07:40:24'),
(2569, 514, 4, 10, 24, '2025-11-26 07:40:24'),
(2570, 514, 4, 10, 25, '2025-11-26 07:40:24'),
(2571, 514, 4, 10, 26, '2025-11-26 07:40:25'),
(2572, 514, 4, 10, 27, '2025-11-26 07:40:25'),
(2573, 514, 4, 10, 28, '2025-11-26 07:40:25'),
(2574, 514, 4, 10, 29, '2025-11-26 07:40:25'),
(2575, 514, 4, 10, 30, '2025-11-26 07:40:26'),
(2576, 514, 1, 10, 31, '2025-11-26 07:40:30'),
(2577, 514, 2, 10, 32, '2025-11-26 07:40:31'),
(2578, 514, 3, NULL, 33, '2025-11-26 07:40:31'),
(2579, 514, 1, 10, 34, '2025-11-26 07:40:32'),
(2580, 514, 2, 10, 35, '2025-11-26 07:40:33'),
(2581, 514, 3, NULL, 36, '2025-11-26 07:40:33'),
(2582, 514, 4, 10, 37, '2025-11-26 07:40:34'),
(2583, 514, 4, 10, 38, '2025-11-26 07:40:34'),
(2584, 514, 4, 10, 39, '2025-11-26 07:40:34'),
(2585, 514, 4, 10, 40, '2025-11-26 07:40:34'),
(2586, 514, 4, 10, 41, '2025-11-26 07:40:34'),
(2587, 514, 4, 10, 42, '2025-11-26 07:40:34'),
(2588, 514, 4, 10, 43, '2025-11-26 07:40:35'),
(2589, 514, 4, 10, 44, '2025-11-26 07:40:35'),
(2590, 514, 4, 10, 45, '2025-11-26 07:40:35'),
(2591, 514, 4, 10, 46, '2025-11-26 07:40:35'),
(2592, 514, 4, 10, 47, '2025-11-26 07:40:35'),
(2593, 514, 4, 10, 48, '2025-11-26 07:40:35'),
(2594, 514, 4, 10, 49, '2025-11-26 07:40:35'),
(2595, 514, 4, 10, 50, '2025-11-26 07:40:35'),
(2596, 514, 4, 10, 51, '2025-11-26 07:40:35'),
(2597, 514, 1, 11, 52, '2025-11-26 07:40:41'),
(2598, 514, 2, 11, 53, '2025-11-26 07:40:42'),
(2600, 514, 1, 11, 54, '2025-11-26 07:40:42'),
(2601, 514, 2, 11, 55, '2025-11-26 07:40:44'),
(2603, 514, 1, 13, 56, '2025-11-26 07:40:46'),
(2604, 514, 1, 12, 57, '2025-11-26 07:40:46'),
(2605, 514, 1, NULL, 58, '2025-11-26 07:40:46'),
(2606, 514, 2, 13, 59, '2025-11-26 07:40:47'),
(2608, 514, 1, 13, 60, '2025-11-26 07:40:49'),
(2609, 514, 1, 12, 61, '2025-11-26 07:40:49'),
(2610, 514, 1, NULL, 62, '2025-11-26 07:40:49'),
(2611, 514, 2, 13, 63, '2025-11-26 07:40:50'),
(2613, 514, 1, 13, 64, '2025-11-26 07:40:52'),
(2614, 514, 1, 12, 65, '2025-11-26 07:40:52'),
(2615, 514, 1, NULL, 66, '2025-11-26 07:40:52'),
(2616, 514, 2, 13, 67, '2025-11-26 07:40:53'),
(2618, 514, 1, 13, 68, '2025-11-26 07:40:54'),
(2619, 514, 1, 12, 69, '2025-11-26 07:40:54'),
(2620, 514, 1, NULL, 70, '2025-11-26 07:40:54'),
(2621, 514, 2, 13, 71, '2025-11-26 07:40:56'),
(2623, 514, 4, 13, 72, '2025-11-26 07:41:00'),
(2624, 514, 4, NULL, 73, '2025-11-26 07:41:02'),
(2625, 514, 4, NULL, 74, '2025-11-26 07:41:02'),
(2626, 514, 4, 12, 75, '2025-11-26 07:41:09'),
(2627, 514, 4, 13, 76, '2025-11-26 07:41:10'),
(2628, 514, 4, NULL, 77, '2025-11-26 07:41:12'),
(2629, 514, 4, NULL, 78, '2025-11-26 07:41:12'),
(2630, 514, 4, NULL, 79, '2025-11-26 07:41:18'),
(2631, 514, 4, NULL, 80, '2025-11-26 07:41:19'),
(2632, 514, 4, NULL, 81, '2025-11-26 07:41:24'),
(2633, 514, 4, NULL, 82, '2025-11-26 07:41:25'),
(2634, 515, 4, 10, 1, '2025-11-26 07:41:52'),
(2635, 515, 4, 10, 2, '2025-11-26 07:41:52'),
(2636, 515, 4, 10, 3, '2025-11-26 07:41:52'),
(2637, 515, 4, 10, 4, '2025-11-26 07:41:53'),
(2638, 515, 4, 10, 5, '2025-11-26 07:41:53'),
(2639, 515, 4, 10, 6, '2025-11-26 07:41:53'),
(2640, 515, 4, 10, 7, '2025-11-26 07:41:53'),
(2641, 515, 4, 10, 8, '2025-11-26 07:41:53'),
(2642, 515, 4, 10, 9, '2025-11-26 07:41:53'),
(2643, 515, 4, 10, 10, '2025-11-26 07:41:53'),
(2644, 515, 4, 10, 11, '2025-11-26 07:41:53'),
(2645, 515, 4, 10, 12, '2025-11-26 07:41:54'),
(2646, 516, 4, 12, 1, '2025-11-26 07:42:35'),
(2653, 517, 1, 11, 1, '2025-11-26 07:43:20'),
(2654, 517, 2, 11, 2, '2025-11-26 07:43:21'),
(2656, 517, 1, 13, 3, '2025-11-26 07:43:46'),
(2657, 517, 1, 12, 4, '2025-11-26 07:43:46'),
(2658, 517, 1, NULL, 5, '2025-11-26 07:43:46'),
(2659, 517, 2, 13, 6, '2025-11-26 07:43:47'),
(2661, 517, 4, NULL, 7, '2025-11-26 07:43:49'),
(2662, 517, 4, NULL, 8, '2025-11-26 07:43:49'),
(2663, 517, 1, 13, 9, '2025-11-26 07:43:53'),
(2664, 517, 1, 12, 10, '2025-11-26 07:43:53'),
(2665, 517, 1, NULL, 11, '2025-11-26 07:43:53'),
(2666, 517, 2, NULL, 12, '2025-11-26 07:43:54'),
(2667, 517, 2, 13, 13, '2025-11-26 07:43:54'),
(2669, 517, 4, NULL, 14, '2025-11-26 07:43:55'),
(2670, 517, 4, NULL, 15, '2025-11-26 07:43:56'),
(2671, 517, 1, 10, 16, '2025-11-26 07:44:00'),
(2672, 517, 2, 10, 17, '2025-11-26 07:44:01'),
(2673, 517, 3, NULL, 18, '2025-11-26 07:44:01'),
(2683, 517, 1, 13, 19, '2025-11-26 07:44:17'),
(2684, 517, 1, 12, 20, '2025-11-26 07:44:17'),
(2685, 517, 1, NULL, 21, '2025-11-26 07:44:17'),
(2686, 517, 2, 13, 22, '2025-11-26 07:44:18'),
(2687, 517, 3, NULL, 23, '2025-11-26 07:44:18'),
(2695, 517, 2, 13, 24, '2025-11-26 07:44:20'),
(2703, 517, 2, 13, 25, '2025-11-26 07:44:20'),
(2711, 517, 2, 13, 26, '2025-11-26 07:44:20'),
(2719, 517, 2, 13, 27, '2025-11-26 07:44:20'),
(2727, 517, 2, 13, 28, '2025-11-26 07:44:20'),
(2735, 517, 2, 13, 29, '2025-11-26 07:44:21'),
(2743, 517, 2, 13, 30, '2025-11-26 07:44:21'),
(2751, 517, 2, 13, 31, '2025-11-26 07:44:21'),
(2759, 517, 2, 13, 32, '2025-11-26 07:44:21'),
(2767, 517, 2, 13, 33, '2025-11-26 07:44:21'),
(2775, 517, 2, 13, 34, '2025-11-26 07:44:21'),
(2779, 517, 3, NULL, 35, '2025-11-26 07:44:21'),
(2783, 517, 3, NULL, 36, '2025-11-26 07:44:21'),
(2787, 517, 3, NULL, 37, '2025-11-26 07:44:21'),
(2791, 517, 3, NULL, 38, '2025-11-26 07:44:21'),
(2795, 517, 3, NULL, 39, '2025-11-26 07:44:21'),
(2799, 517, 3, NULL, 40, '2025-11-26 07:44:22'),
(2804, 517, 3, NULL, 41, '2025-11-26 07:44:22'),
(2807, 517, 3, NULL, 42, '2025-11-26 07:44:22'),
(2811, 517, 3, NULL, 43, '2025-11-26 07:44:22'),
(2815, 517, 3, NULL, 44, '2025-11-26 07:44:22'),
(2819, 517, 3, NULL, 45, '2025-11-26 07:44:22'),
(2823, 517, 3, NULL, 46, '2025-11-26 07:44:22'),
(2827, 517, 3, NULL, 47, '2025-11-26 07:44:22'),
(2831, 517, 3, NULL, 48, '2025-11-26 07:44:22'),
(2835, 517, 3, NULL, 49, '2025-11-26 07:44:22'),
(2839, 517, 3, NULL, 50, '2025-11-26 07:44:22'),
(2843, 517, 3, NULL, 51, '2025-11-26 07:44:22'),
(2847, 517, 3, NULL, 52, '2025-11-26 07:44:22'),
(2850, 517, 3, NULL, 53, '2025-11-26 07:44:22'),
(2855, 517, 3, NULL, 54, '2025-11-26 07:44:22'),
(2859, 517, 3, NULL, 55, '2025-11-26 07:44:22'),
(2863, 517, 3, NULL, 56, '2025-11-26 07:44:23'),
(2871, 517, 2, 13, 57, '2025-11-26 07:44:23'),
(2879, 517, 2, 13, 58, '2025-11-26 07:44:23'),
(2884, 517, 3, NULL, 59, '2025-11-26 07:44:23'),
(2887, 517, 3, NULL, 60, '2025-11-26 07:44:23'),
(2891, 517, 3, NULL, 61, '2025-11-26 07:44:23'),
(2895, 517, 3, NULL, 62, '2025-11-26 07:44:23'),
(2896, 517, 1, 13, 63, '2025-11-26 07:44:26'),
(2897, 517, 1, 12, 64, '2025-11-26 07:44:26'),
(2898, 517, 1, NULL, 65, '2025-11-26 07:44:26'),
(2899, 517, 2, 13, 66, '2025-11-26 07:44:27'),
(2900, 517, 3, NULL, 67, '2025-11-26 07:44:27'),
(2901, 517, 1, 10, 68, '2025-11-26 07:44:33'),
(2902, 517, 2, 10, 69, '2025-11-26 07:44:34'),
(2903, 517, 3, NULL, 70, '2025-11-26 07:44:34'),
(2904, 517, 1, 10, 71, '2025-11-26 07:44:36'),
(2905, 517, 2, 10, 72, '2025-11-26 07:44:36'),
(2906, 517, 3, NULL, 73, '2025-11-26 07:44:36'),
(2907, 517, 1, 10, 74, '2025-11-26 07:44:37'),
(2908, 517, 2, 10, 75, '2025-11-26 07:44:38'),
(2909, 517, 3, NULL, 76, '2025-11-26 07:44:38'),
(2910, 517, 4, 10, 77, '2025-11-26 07:44:44'),
(2911, 517, 4, 10, 78, '2025-11-26 07:44:44'),
(2912, 517, 4, 10, 79, '2025-11-26 07:44:44'),
(2913, 517, 4, 10, 80, '2025-11-26 07:44:45'),
(2914, 517, 4, 10, 81, '2025-11-26 07:44:48'),
(2915, 517, 4, 10, 82, '2025-11-26 07:44:49'),
(2916, 517, 4, 10, 83, '2025-11-26 07:44:49'),
(2917, 517, 4, 10, 84, '2025-11-26 07:44:53'),
(2918, 517, 4, 10, 85, '2025-11-26 07:44:54'),
(2919, 517, 4, 10, 86, '2025-11-26 07:44:54'),
(2920, 517, 4, 10, 87, '2025-11-26 07:44:55'),
(2921, 517, 4, 10, 88, '2025-11-26 07:44:55'),
(2922, 517, 4, 13, 89, '2025-11-26 07:45:03'),
(2923, 517, 4, NULL, 90, '2025-11-26 07:45:04'),
(2924, 517, 4, NULL, 91, '2025-11-26 07:45:04'),
(2925, 517, 4, NULL, 92, '2025-11-26 07:45:07'),
(2926, 517, 4, NULL, 93, '2025-11-26 07:45:07'),
(2927, 517, 4, 13, 94, '2025-11-26 07:45:09'),
(2928, 517, 1, 13, 95, '2025-11-26 07:45:16'),
(2929, 517, 1, 12, 96, '2025-11-26 07:45:16'),
(2930, 517, 1, NULL, 97, '2025-11-26 07:45:16'),
(2931, 517, 2, 13, 98, '2025-11-26 07:45:17'),
(2933, 517, 1, 13, 99, '2025-11-26 07:45:19'),
(2934, 517, 1, 12, 100, '2025-11-26 07:45:19'),
(2935, 517, 1, NULL, 101, '2025-11-26 07:45:19'),
(2936, 517, 2, 13, 102, '2025-11-26 07:45:20'),
(2938, 517, 4, NULL, 103, '2025-11-26 07:45:22'),
(2939, 517, 4, NULL, 104, '2025-11-26 07:45:22'),
(2940, 517, 4, NULL, 105, '2025-11-26 07:45:25'),
(2941, 517, 4, NULL, 106, '2025-11-26 07:45:25'),
(2942, 517, 4, 13, 107, '2025-11-26 07:45:27'),
(2943, 517, 4, NULL, 108, '2025-11-26 07:45:36'),
(2944, 517, 4, NULL, 109, '2025-11-26 07:45:36'),
(2945, 517, 1, 10, 110, '2025-11-26 07:45:44'),
(2946, 517, 2, 10, 111, '2025-11-26 07:45:45'),
(2947, 517, 3, NULL, 112, '2025-11-26 07:45:45'),
(2948, 517, 1, 10, 113, '2025-11-26 07:45:46'),
(2949, 517, 2, 10, 114, '2025-11-26 07:45:47'),
(2950, 517, 3, NULL, 115, '2025-11-26 07:45:47'),
(2951, 517, 4, 10, 116, '2025-11-26 07:45:48'),
(2952, 517, 4, 10, 117, '2025-11-26 07:45:48'),
(2953, 517, 4, 10, 118, '2025-11-26 07:45:48'),
(2954, 517, 4, 10, 119, '2025-11-26 07:45:48'),
(2955, 517, 4, 10, 120, '2025-11-26 07:45:48'),
(2956, 517, 4, 10, 121, '2025-11-26 07:45:48'),
(2957, 517, 4, 10, 122, '2025-11-26 07:45:48'),
(2958, 517, 4, 10, 123, '2025-11-26 07:45:48'),
(2959, 517, 4, 10, 124, '2025-11-26 07:45:48'),
(2960, 517, 4, 10, 125, '2025-11-26 07:45:48'),
(2961, 517, 4, 10, 126, '2025-11-26 07:45:51'),
(2962, 517, 4, 10, 127, '2025-11-26 07:45:51'),
(2963, 517, 4, 10, 128, '2025-11-26 07:45:51'),
(2964, 517, 4, 10, 129, '2025-11-26 07:45:51'),
(2965, 517, 4, 10, 130, '2025-11-26 07:45:51'),
(2966, 517, 4, 10, 131, '2025-11-26 07:45:51'),
(2967, 517, 4, 10, 132, '2025-11-26 07:45:51'),
(2968, 517, 4, 10, 133, '2025-11-26 07:45:51'),
(2969, 517, 4, 10, 134, '2025-11-26 07:45:51'),
(2970, 517, 4, 10, 135, '2025-11-26 07:45:51'),
(2971, 517, 4, 10, 136, '2025-11-26 07:45:51'),
(2972, 517, 4, 10, 137, '2025-11-26 07:45:52'),
(2973, 517, 4, 10, 138, '2025-11-26 07:45:52'),
(2974, 517, 1, 13, 139, '2025-11-26 07:46:02'),
(2975, 517, 1, 12, 140, '2025-11-26 07:46:03'),
(2976, 517, 1, NULL, 141, '2025-11-26 07:46:03'),
(2977, 517, 2, 13, 142, '2025-11-26 07:46:04'),
(2979, 517, 1, 13, 143, '2025-11-26 07:46:05'),
(2980, 517, 1, 12, 144, '2025-11-26 07:46:05'),
(2981, 517, 1, NULL, 145, '2025-11-26 07:46:05'),
(2982, 517, 2, 13, 146, '2025-11-26 07:46:06'),
(2984, 517, 4, 12, 147, '2025-11-26 07:46:14'),
(2985, 517, 4, 13, 148, '2025-11-26 07:46:15'),
(2986, 517, 4, 12, 149, '2025-11-26 07:46:17'),
(2987, 517, 4, NULL, 150, '2025-11-26 07:46:22'),
(2988, 517, 4, NULL, 151, '2025-11-26 07:46:23'),
(2989, 517, 1, 11, 152, '2025-11-26 07:46:24'),
(2990, 517, 2, 11, 153, '2025-11-26 07:46:25'),
(2992, 517, 1, 11, 154, '2025-11-26 07:46:27'),
(2993, 517, 2, 11, 155, '2025-11-26 07:46:28'),
(2997, 517, 2, NULL, 156, '2025-11-26 07:46:30'),
(2998, 517, 5, 11, 157, '2025-11-26 07:46:30'),
(2999, 518, 1, 11, 1, '2025-11-26 07:46:50'),
(3000, 518, 2, 11, 2, '2025-11-26 07:46:53'),
(3001, 521, 1, 11, 1, '2025-11-26 07:46:58'),
(3002, 521, 2, 11, 2, '2025-11-26 07:46:59'),
(3004, 521, 2, NULL, 3, '2025-11-26 07:47:00'),
(3005, 521, 5, 11, 4, '2025-11-26 07:47:00'),
(3006, 529, 2, NULL, 1, '2025-11-27 03:57:19'),
(3007, 529, 1, 10, 2, '2025-11-27 03:57:36'),
(3008, 529, 2, 10, 3, '2025-11-27 03:57:37'),
(3009, 529, 4, 10, 4, '2025-11-27 03:57:39'),
(3010, 529, 4, 10, 5, '2025-11-27 03:57:40'),
(3011, 529, 1, 11, 6, '2025-11-27 03:58:54'),
(3012, 529, 2, 11, 7, '2025-11-27 03:58:55'),
(3013, 529, 1, 13, 8, '2025-11-27 03:58:57'),
(3014, 529, 1, 12, 9, '2025-11-27 03:58:58'),
(3015, 529, 1, NULL, 10, '2025-11-27 03:58:58'),
(3016, 529, 2, 13, 11, '2025-11-27 03:58:58'),
(3017, 529, 4, 12, 12, '2025-11-27 03:59:01'),
(3018, 529, 4, 13, 13, '2025-11-27 03:59:02'),
(3019, 529, 4, NULL, 14, '2025-11-27 03:59:05'),
(3020, 529, 4, NULL, 15, '2025-11-27 03:59:06'),
(3021, 529, 4, NULL, 16, '2025-11-27 03:59:06'),
(3025, 529, 2, 13, 17, '2025-11-27 03:59:11'),
(3027, 529, 2, 11, 18, '2025-11-27 03:59:14'),
(3041, 529, 2, 10, 19, '2025-11-27 03:59:18'),
(3043, 529, 2, 10, 20, '2025-11-27 03:59:18'),
(3045, 529, 2, 10, 21, '2025-11-27 03:59:18'),
(3046, 529, 2, 13, 22, '2025-11-27 03:59:18'),
(3047, 529, 2, 10, 23, '2025-11-27 03:59:18'),
(3048, 529, 2, 13, 24, '2025-11-27 03:59:18'),
(3049, 529, 2, 10, 25, '2025-11-27 03:59:18'),
(3061, 529, 2, 10, 26, '2025-11-27 03:59:19'),
(3063, 529, 2, 10, 27, '2025-11-27 03:59:19'),
(3065, 529, 2, 10, 28, '2025-11-27 03:59:19'),
(3066, 529, 2, 13, 29, '2025-11-27 03:59:19'),
(3067, 529, 2, 10, 30, '2025-11-27 03:59:19'),
(3068, 529, 2, 13, 31, '2025-11-27 03:59:19'),
(3069, 529, 2, 10, 32, '2025-11-27 03:59:19'),
(3081, 529, 2, 10, 33, '2025-11-27 03:59:19'),
(3083, 529, 2, 10, 34, '2025-11-27 03:59:19'),
(3085, 529, 2, 10, 35, '2025-11-27 03:59:19'),
(3086, 529, 2, 13, 36, '2025-11-27 03:59:19'),
(3087, 529, 2, 10, 37, '2025-11-27 03:59:19'),
(3088, 529, 2, 13, 38, '2025-11-27 03:59:19'),
(3089, 529, 2, 10, 39, '2025-11-27 03:59:19'),
(3101, 529, 2, 10, 40, '2025-11-27 03:59:19'),
(3103, 529, 2, 10, 41, '2025-11-27 03:59:19'),
(3105, 529, 2, 10, 42, '2025-11-27 03:59:20'),
(3106, 529, 2, 13, 43, '2025-11-27 03:59:20'),
(3107, 529, 2, 10, 44, '2025-11-27 03:59:20'),
(3108, 529, 2, 13, 45, '2025-11-27 03:59:20'),
(3109, 529, 2, 10, 46, '2025-11-27 03:59:20'),
(3121, 529, 2, 10, 47, '2025-11-27 03:59:20'),
(3123, 529, 2, 10, 48, '2025-11-27 03:59:20'),
(3125, 529, 2, 10, 49, '2025-11-27 03:59:20'),
(3126, 529, 2, 13, 50, '2025-11-27 03:59:20'),
(3127, 529, 2, 10, 51, '2025-11-27 03:59:20'),
(3128, 529, 2, 13, 52, '2025-11-27 03:59:20'),
(3129, 529, 2, 10, 53, '2025-11-27 03:59:20'),
(3141, 529, 2, 10, 54, '2025-11-27 03:59:20'),
(3143, 529, 2, 10, 55, '2025-11-27 03:59:20'),
(3145, 529, 2, 10, 56, '2025-11-27 03:59:20'),
(3146, 529, 2, 13, 57, '2025-11-27 03:59:20'),
(3147, 529, 2, 10, 58, '2025-11-27 03:59:20'),
(3148, 529, 2, 13, 59, '2025-11-27 03:59:21'),
(3149, 529, 2, 10, 60, '2025-11-27 03:59:21'),
(3161, 529, 2, 10, 61, '2025-11-27 03:59:21'),
(3163, 529, 2, 10, 62, '2025-11-27 03:59:21'),
(3165, 529, 2, 10, 63, '2025-11-27 03:59:21'),
(3166, 529, 2, 13, 64, '2025-11-27 03:59:21'),
(3167, 529, 2, 10, 65, '2025-11-27 03:59:21'),
(3168, 529, 2, 13, 66, '2025-11-27 03:59:21'),
(3169, 529, 2, 10, 67, '2025-11-27 03:59:21'),
(3181, 529, 2, 10, 68, '2025-11-27 03:59:21'),
(3183, 529, 2, 10, 69, '2025-11-27 03:59:21'),
(3185, 529, 2, 10, 70, '2025-11-27 03:59:21'),
(3186, 529, 2, 13, 71, '2025-11-27 03:59:21'),
(3187, 529, 2, 10, 72, '2025-11-27 03:59:21'),
(3188, 529, 2, 13, 73, '2025-11-27 03:59:21'),
(3189, 529, 2, 10, 74, '2025-11-27 03:59:21'),
(3201, 529, 2, 10, 75, '2025-11-27 03:59:21'),
(3203, 529, 2, 10, 76, '2025-11-27 03:59:22'),
(3205, 529, 2, 10, 77, '2025-11-27 03:59:22'),
(3206, 529, 2, 13, 78, '2025-11-27 03:59:22'),
(3207, 529, 2, 10, 79, '2025-11-27 03:59:22'),
(3208, 529, 2, 13, 80, '2025-11-27 03:59:22'),
(3209, 529, 2, 10, 81, '2025-11-27 03:59:22'),
(3221, 529, 2, 10, 82, '2025-11-27 03:59:22'),
(3223, 529, 2, 10, 83, '2025-11-27 03:59:22'),
(3225, 529, 2, 10, 84, '2025-11-27 03:59:22'),
(3226, 529, 2, 13, 85, '2025-11-27 03:59:22'),
(3227, 529, 2, 10, 86, '2025-11-27 03:59:22'),
(3228, 529, 2, 13, 87, '2025-11-27 03:59:22'),
(3229, 529, 2, 10, 88, '2025-11-27 03:59:22'),
(3241, 529, 2, 10, 89, '2025-11-27 03:59:22'),
(3243, 529, 2, 10, 90, '2025-11-27 03:59:23'),
(3245, 529, 2, 10, 91, '2025-11-27 03:59:23'),
(3246, 529, 2, 13, 92, '2025-11-27 03:59:23'),
(3247, 529, 2, 10, 93, '2025-11-27 03:59:23'),
(3248, 529, 2, 13, 94, '2025-11-27 03:59:23'),
(3249, 529, 2, 10, 95, '2025-11-27 03:59:23'),
(3261, 529, 2, 10, 96, '2025-11-27 03:59:23'),
(3263, 529, 2, 10, 97, '2025-11-27 03:59:23'),
(3265, 529, 2, 10, 98, '2025-11-27 03:59:23'),
(3266, 529, 2, 13, 99, '2025-11-27 03:59:23'),
(3267, 529, 2, 10, 100, '2025-11-27 03:59:23'),
(3268, 529, 2, 13, 101, '2025-11-27 03:59:23'),
(3269, 529, 2, 10, 102, '2025-11-27 03:59:23'),
(3281, 529, 2, 10, 103, '2025-11-27 03:59:23'),
(3283, 529, 2, 10, 104, '2025-11-27 03:59:24'),
(3284, 529, 2, 10, 105, '2025-11-27 03:59:24'),
(3286, 529, 2, 10, 106, '2025-11-27 03:59:24'),
(3287, 529, 2, 13, 107, '2025-11-27 03:59:24'),
(3288, 529, 2, 13, 108, '2025-11-27 03:59:24'),
(3289, 529, 2, 10, 109, '2025-11-27 03:59:24'),
(3291, 529, 3, NULL, 110, '2025-11-27 03:59:24'),
(3292, 529, 3, NULL, 111, '2025-11-27 03:59:24'),
(3294, 529, 3, NULL, 112, '2025-11-27 03:59:24'),
(3295, 529, 3, NULL, 113, '2025-11-27 03:59:24'),
(3297, 529, 3, NULL, 114, '2025-11-27 03:59:24'),
(3298, 529, 3, NULL, 115, '2025-11-27 03:59:24'),
(3300, 529, 3, NULL, 116, '2025-11-27 03:59:24'),
(3301, 529, 3, NULL, 117, '2025-11-27 03:59:24'),
(3303, 529, 3, NULL, 118, '2025-11-27 03:59:24'),
(3305, 529, 3, NULL, 119, '2025-11-27 03:59:24'),
(3306, 529, 3, NULL, 120, '2025-11-27 03:59:24'),
(3307, 529, 3, NULL, 121, '2025-11-27 03:59:24'),
(3308, 529, 3, NULL, 122, '2025-11-27 03:59:24'),
(3309, 529, 3, NULL, 123, '2025-11-27 03:59:24'),
(3311, 529, 3, NULL, 124, '2025-11-27 03:59:24'),
(3313, 529, 3, NULL, 125, '2025-11-27 03:59:24'),
(3315, 529, 3, NULL, 126, '2025-11-27 03:59:24'),
(3316, 529, 3, NULL, 127, '2025-11-27 03:59:24'),
(3317, 529, 3, NULL, 128, '2025-11-27 03:59:24'),
(3318, 529, 3, NULL, 129, '2025-11-27 03:59:25'),
(3319, 529, 3, NULL, 130, '2025-11-27 03:59:25'),
(3321, 529, 3, NULL, 131, '2025-11-27 03:59:25'),
(3324, 529, 3, NULL, 132, '2025-11-27 03:59:25'),
(3325, 529, 3, NULL, 133, '2025-11-27 03:59:25'),
(3326, 529, 3, NULL, 134, '2025-11-27 03:59:25'),
(3327, 529, 3, NULL, 135, '2025-11-27 03:59:25'),
(3328, 529, 3, NULL, 136, '2025-11-27 03:59:25'),
(3329, 529, 3, NULL, 137, '2025-11-27 03:59:25'),
(3331, 529, 3, NULL, 138, '2025-11-27 03:59:25'),
(3333, 529, 3, NULL, 139, '2025-11-27 03:59:25'),
(3335, 529, 3, NULL, 140, '2025-11-27 03:59:25'),
(3336, 529, 3, NULL, 141, '2025-11-27 03:59:25'),
(3337, 529, 3, NULL, 142, '2025-11-27 03:59:25'),
(3338, 529, 3, NULL, 143, '2025-11-27 03:59:25'),
(3339, 529, 3, NULL, 144, '2025-11-27 03:59:25'),
(3341, 529, 3, NULL, 145, '2025-11-27 03:59:25'),
(3343, 529, 3, NULL, 146, '2025-11-27 03:59:25'),
(3345, 529, 3, NULL, 147, '2025-11-27 03:59:25'),
(3346, 529, 3, NULL, 148, '2025-11-27 03:59:25'),
(3347, 529, 3, NULL, 149, '2025-11-27 03:59:25'),
(3348, 529, 3, NULL, 150, '2025-11-27 03:59:25'),
(3349, 529, 3, NULL, 151, '2025-11-27 03:59:25'),
(3351, 529, 3, NULL, 152, '2025-11-27 03:59:25'),
(3353, 529, 3, NULL, 153, '2025-11-27 03:59:25'),
(3355, 529, 3, NULL, 154, '2025-11-27 03:59:25'),
(3356, 529, 3, NULL, 155, '2025-11-27 03:59:26'),
(3357, 529, 3, NULL, 156, '2025-11-27 03:59:26'),
(3358, 529, 3, NULL, 157, '2025-11-27 03:59:26'),
(3370, 529, 2, 10, 158, '2025-11-27 03:59:26'),
(3372, 529, 2, 10, 159, '2025-11-27 03:59:26'),
(3373, 529, 2, 10, 160, '2025-11-27 03:59:26'),
(3375, 529, 2, 13, 161, '2025-11-27 03:59:26'),
(3376, 529, 2, 10, 162, '2025-11-27 03:59:26'),
(3377, 529, 2, 13, 163, '2025-11-27 03:59:26'),
(3378, 529, 2, 10, 164, '2025-11-27 03:59:26'),
(3380, 529, 3, NULL, 165, '2025-11-27 03:59:26'),
(3381, 529, 3, NULL, 166, '2025-11-27 03:59:26'),
(3383, 529, 3, NULL, 167, '2025-11-27 03:59:26'),
(3385, 529, 3, NULL, 168, '2025-11-27 03:59:26'),
(3386, 529, 3, NULL, 169, '2025-11-27 03:59:26'),
(3387, 529, 3, NULL, 170, '2025-11-27 03:59:26'),
(3388, 529, 3, NULL, 171, '2025-11-27 03:59:26'),
(3389, 529, 3, NULL, 172, '2025-11-27 03:59:26'),
(3391, 529, 3, NULL, 173, '2025-11-27 03:59:26'),
(3393, 529, 3, NULL, 174, '2025-11-27 03:59:26'),
(3395, 529, 3, NULL, 175, '2025-11-27 03:59:26'),
(3396, 529, 3, NULL, 176, '2025-11-27 03:59:26'),
(3397, 529, 3, NULL, 177, '2025-11-27 03:59:26'),
(3398, 529, 3, NULL, 178, '2025-11-27 03:59:27'),
(3399, 529, 3, NULL, 179, '2025-11-27 03:59:27'),
(3401, 529, 3, NULL, 180, '2025-11-27 03:59:27'),
(3404, 529, 3, NULL, 181, '2025-11-27 03:59:27'),
(3405, 529, 3, NULL, 182, '2025-11-27 03:59:27'),
(3406, 529, 3, NULL, 183, '2025-11-27 03:59:27'),
(3407, 529, 3, NULL, 184, '2025-11-27 03:59:27'),
(3408, 529, 3, NULL, 185, '2025-11-27 03:59:27'),
(3409, 529, 3, NULL, 186, '2025-11-27 03:59:27'),
(3411, 529, 3, NULL, 187, '2025-11-27 03:59:27'),
(3414, 529, 3, NULL, 188, '2025-11-27 03:59:27'),
(3426, 529, 2, 10, 189, '2025-11-27 03:59:27'),
(3428, 529, 2, 10, 190, '2025-11-27 03:59:27'),
(3430, 529, 2, 10, 191, '2025-11-27 03:59:27'),
(3431, 529, 2, 13, 192, '2025-11-27 03:59:27'),
(3432, 529, 2, 10, 193, '2025-11-27 03:59:27'),
(3433, 529, 2, 13, 194, '2025-11-27 03:59:27'),
(3434, 529, 2, 10, 195, '2025-11-27 03:59:27'),
(3435, 529, 3, NULL, 196, '2025-11-27 03:59:27'),
(3436, 529, 3, NULL, 197, '2025-11-27 03:59:27'),
(3437, 529, 3, NULL, 198, '2025-11-27 03:59:27'),
(3438, 529, 3, NULL, 199, '2025-11-27 03:59:27'),
(3439, 529, 3, NULL, 200, '2025-11-27 03:59:27'),
(3441, 529, 3, NULL, 201, '2025-11-27 03:59:27'),
(3443, 529, 3, NULL, 202, '2025-11-27 03:59:27'),
(3445, 529, 3, NULL, 203, '2025-11-27 03:59:27'),
(3446, 529, 3, NULL, 204, '2025-11-27 03:59:27'),
(3449, 529, 3, NULL, 205, '2025-11-27 03:59:28'),
(3450, 529, 3, NULL, 206, '2025-11-27 03:59:28'),
(3451, 529, 3, NULL, 207, '2025-11-27 03:59:28'),
(3453, 529, 3, NULL, 208, '2025-11-27 03:59:28'),
(3455, 529, 3, NULL, 209, '2025-11-27 03:59:28'),
(3457, 529, 3, NULL, 210, '2025-11-27 03:59:28'),
(3458, 529, 3, NULL, 211, '2025-11-27 03:59:28'),
(3459, 529, 3, NULL, 212, '2025-11-27 03:59:28'),
(3460, 529, 3, NULL, 213, '2025-11-27 03:59:28'),
(3461, 529, 3, NULL, 214, '2025-11-27 03:59:28'),
(3463, 529, 3, NULL, 215, '2025-11-27 03:59:28'),
(3465, 529, 3, NULL, 216, '2025-11-27 03:59:28'),
(3467, 529, 3, NULL, 217, '2025-11-27 03:59:28'),
(3468, 529, 3, NULL, 218, '2025-11-27 03:59:28'),
(3469, 529, 3, NULL, 219, '2025-11-27 03:59:28'),
(3470, 529, 3, NULL, 220, '2025-11-27 03:59:28'),
(3471, 529, 3, NULL, 221, '2025-11-27 03:59:28'),
(3473, 529, 3, NULL, 222, '2025-11-27 03:59:28'),
(3475, 529, 3, NULL, 223, '2025-11-27 03:59:28'),
(3477, 529, 3, NULL, 224, '2025-11-27 03:59:28'),
(3478, 529, 3, NULL, 225, '2025-11-27 03:59:28'),
(3479, 529, 3, NULL, 226, '2025-11-27 03:59:28'),
(3480, 529, 3, NULL, 227, '2025-11-27 03:59:28'),
(3481, 529, 3, NULL, 228, '2025-11-27 03:59:28'),
(3494, 529, 2, 10, 229, '2025-11-27 03:59:28'),
(3496, 529, 2, 10, 230, '2025-11-27 03:59:28'),
(3498, 529, 2, 10, 231, '2025-11-27 03:59:29'),
(3499, 529, 2, 13, 232, '2025-11-27 03:59:29'),
(3500, 529, 2, 10, 233, '2025-11-27 03:59:29'),
(3501, 529, 2, 13, 234, '2025-11-27 03:59:29'),
(3502, 529, 2, 10, 235, '2025-11-27 03:59:29'),
(3503, 529, 3, NULL, 236, '2025-11-27 03:59:29'),
(3505, 529, 3, NULL, 237, '2025-11-27 03:59:29'),
(3507, 529, 3, NULL, 238, '2025-11-27 03:59:29'),
(3508, 529, 3, NULL, 239, '2025-11-27 03:59:29'),
(3509, 529, 3, NULL, 240, '2025-11-27 03:59:29'),
(3510, 529, 3, NULL, 241, '2025-11-27 03:59:29'),
(3511, 529, 3, NULL, 242, '2025-11-27 03:59:29'),
(3513, 529, 3, NULL, 243, '2025-11-27 03:59:29'),
(3515, 529, 3, NULL, 244, '2025-11-27 03:59:29'),
(3517, 529, 3, NULL, 245, '2025-11-27 03:59:29'),
(3518, 529, 3, NULL, 246, '2025-11-27 03:59:29'),
(3519, 529, 3, NULL, 247, '2025-11-27 03:59:29'),
(3520, 529, 3, NULL, 248, '2025-11-27 03:59:29'),
(3521, 529, 3, NULL, 249, '2025-11-27 03:59:29'),
(3523, 529, 3, NULL, 250, '2025-11-27 03:59:29'),
(3525, 529, 3, NULL, 251, '2025-11-27 03:59:29'),
(3527, 529, 3, NULL, 252, '2025-11-27 03:59:29'),
(3528, 529, 3, NULL, 253, '2025-11-27 03:59:29'),
(3529, 529, 3, NULL, 254, '2025-11-27 03:59:29'),
(3530, 529, 3, NULL, 255, '2025-11-27 03:59:29'),
(3531, 529, 3, NULL, 256, '2025-11-27 03:59:29'),
(3533, 529, 3, NULL, 257, '2025-11-27 03:59:29'),
(3535, 529, 3, NULL, 258, '2025-11-27 03:59:29'),
(3537, 529, 3, NULL, 259, '2025-11-27 03:59:29'),
(3538, 529, 3, NULL, 260, '2025-11-27 03:59:29'),
(3539, 529, 3, NULL, 261, '2025-11-27 03:59:29'),
(3540, 529, 3, NULL, 262, '2025-11-27 03:59:29'),
(3541, 529, 3, NULL, 263, '2025-11-27 03:59:29'),
(3543, 529, 3, NULL, 264, '2025-11-27 03:59:29'),
(3545, 529, 3, NULL, 265, '2025-11-27 03:59:29'),
(3547, 529, 3, NULL, 266, '2025-11-27 03:59:29'),
(3548, 529, 3, NULL, 267, '2025-11-27 03:59:29'),
(3549, 529, 3, NULL, 268, '2025-11-27 03:59:29'),
(3550, 529, 3, NULL, 269, '2025-11-27 03:59:30'),
(3551, 529, 3, NULL, 270, '2025-11-27 03:59:30'),
(3553, 529, 3, NULL, 271, '2025-11-27 03:59:30'),
(3555, 529, 3, NULL, 272, '2025-11-27 03:59:30'),
(3557, 529, 3, NULL, 273, '2025-11-27 03:59:30'),
(3558, 529, 3, NULL, 274, '2025-11-27 03:59:30'),
(3570, 529, 2, 10, 275, '2025-11-27 03:59:30'),
(3572, 529, 2, 10, 276, '2025-11-27 03:59:30'),
(3574, 529, 2, 10, 277, '2025-11-27 03:59:30'),
(3575, 529, 2, 13, 278, '2025-11-27 03:59:30'),
(3576, 529, 2, 10, 279, '2025-11-27 03:59:30'),
(3577, 529, 2, 13, 280, '2025-11-27 03:59:30'),
(3578, 529, 2, 10, 281, '2025-11-27 03:59:30'),
(3590, 529, 2, 10, 282, '2025-11-27 03:59:30'),
(3592, 529, 2, 10, 283, '2025-11-27 03:59:30'),
(3594, 529, 2, 10, 284, '2025-11-27 03:59:30'),
(3595, 529, 2, 13, 285, '2025-11-27 03:59:30'),
(3596, 529, 2, 10, 286, '2025-11-27 03:59:30'),
(3597, 529, 2, 13, 287, '2025-11-27 03:59:30'),
(3598, 529, 2, 10, 288, '2025-11-27 03:59:30'),
(3610, 529, 2, 10, 289, '2025-11-27 03:59:31'),
(3612, 529, 2, 10, 290, '2025-11-27 03:59:31'),
(3614, 529, 2, 10, 291, '2025-11-27 03:59:31'),
(3615, 529, 2, 13, 292, '2025-11-27 03:59:31'),
(3616, 529, 2, 10, 293, '2025-11-27 03:59:31'),
(3617, 529, 2, 13, 294, '2025-11-27 03:59:31'),
(3618, 529, 2, 10, 295, '2025-11-27 03:59:31'),
(3630, 529, 2, 10, 296, '2025-11-27 03:59:31'),
(3632, 529, 2, 10, 297, '2025-11-27 03:59:31'),
(3634, 529, 2, 10, 298, '2025-11-27 03:59:31'),
(3635, 529, 2, 13, 299, '2025-11-27 03:59:31'),
(3636, 529, 2, 10, 300, '2025-11-27 03:59:31'),
(3637, 529, 2, 13, 301, '2025-11-27 03:59:31'),
(3638, 529, 2, 10, 302, '2025-11-27 03:59:31'),
(3639, 529, 3, NULL, 303, '2025-11-27 03:59:31'),
(3640, 529, 3, NULL, 304, '2025-11-27 03:59:31'),
(3641, 529, 3, NULL, 305, '2025-11-27 03:59:31'),
(3643, 529, 3, NULL, 306, '2025-11-27 03:59:31'),
(3644, 529, 2, NULL, 307, '2025-11-27 03:59:31'),
(3646, 529, 3, NULL, 308, '2025-11-27 03:59:31'),
(3648, 529, 3, NULL, 309, '2025-11-27 03:59:31'),
(3649, 529, 3, NULL, 310, '2025-11-27 03:59:31'),
(3650, 529, 3, NULL, 311, '2025-11-27 03:59:31'),
(3651, 529, 3, NULL, 312, '2025-11-27 03:59:31'),
(3652, 529, 3, NULL, 313, '2025-11-27 03:59:31'),
(3654, 529, 3, NULL, 314, '2025-11-27 03:59:31'),
(3656, 529, 3, NULL, 315, '2025-11-27 03:59:31'),
(3658, 529, 3, NULL, 316, '2025-11-27 03:59:31'),
(3659, 529, 3, NULL, 317, '2025-11-27 03:59:31'),
(3660, 529, 3, NULL, 318, '2025-11-27 03:59:31'),
(3661, 529, 3, NULL, 319, '2025-11-27 03:59:31'),
(3662, 529, 3, NULL, 320, '2025-11-27 03:59:32'),
(3664, 529, 3, NULL, 321, '2025-11-27 03:59:32'),
(3666, 529, 3, NULL, 322, '2025-11-27 03:59:32'),
(3668, 529, 3, NULL, 323, '2025-11-27 03:59:32'),
(3669, 529, 3, NULL, 324, '2025-11-27 03:59:32'),
(3670, 529, 3, NULL, 325, '2025-11-27 03:59:32'),
(3671, 529, 3, NULL, 326, '2025-11-27 03:59:32'),
(3672, 529, 3, NULL, 327, '2025-11-27 03:59:32'),
(3674, 529, 3, NULL, 328, '2025-11-27 03:59:32'),
(3676, 529, 3, NULL, 329, '2025-11-27 03:59:32'),
(3678, 529, 3, NULL, 330, '2025-11-27 03:59:32'),
(3679, 529, 3, NULL, 331, '2025-11-27 03:59:32'),
(3680, 529, 3, NULL, 332, '2025-11-27 03:59:32'),
(3681, 529, 3, NULL, 333, '2025-11-27 03:59:32'),
(3683, 529, 3, NULL, 334, '2025-11-27 03:59:32'),
(3684, 529, 3, NULL, 335, '2025-11-27 03:59:32'),
(3686, 529, 3, NULL, 336, '2025-11-27 03:59:32'),
(3687, 529, 3, NULL, 337, '2025-11-27 03:59:32'),
(3689, 529, 3, NULL, 338, '2025-11-27 03:59:32'),
(3690, 529, 3, NULL, 339, '2025-11-27 03:59:32'),
(3691, 529, 3, NULL, 340, '2025-11-27 03:59:32'),
(3692, 529, 3, NULL, 341, '2025-11-27 03:59:32'),
(3695, 529, 3, NULL, 342, '2025-11-27 03:59:32'),
(3697, 529, 3, NULL, 343, '2025-11-27 03:59:32'),
(3699, 529, 3, NULL, 344, '2025-11-27 03:59:32'),
(3700, 529, 3, NULL, 345, '2025-11-27 03:59:32'),
(3701, 529, 3, NULL, 346, '2025-11-27 03:59:32'),
(3702, 529, 3, NULL, 347, '2025-11-27 03:59:32'),
(3703, 529, 3, NULL, 348, '2025-11-27 03:59:32'),
(3705, 529, 3, NULL, 349, '2025-11-27 03:59:32'),
(3707, 529, 3, NULL, 350, '2025-11-27 03:59:32'),
(3708, 529, 3, NULL, 351, '2025-11-27 03:59:32'),
(3710, 529, 3, NULL, 352, '2025-11-27 03:59:32'),
(3711, 529, 3, NULL, 353, '2025-11-27 03:59:32'),
(3712, 529, 3, NULL, 354, '2025-11-27 03:59:32'),
(3713, 529, 3, NULL, 355, '2025-11-27 03:59:32'),
(3714, 529, 2, 13, 356, '2025-11-27 03:59:32'),
(3716, 529, 3, NULL, 357, '2025-11-27 03:59:33'),
(3718, 529, 3, NULL, 358, '2025-11-27 03:59:33'),
(3720, 529, 3, NULL, 359, '2025-11-27 03:59:33'),
(3721, 529, 3, NULL, 360, '2025-11-27 03:59:33'),
(3722, 529, 3, NULL, 361, '2025-11-27 03:59:33'),
(3723, 529, 3, NULL, 362, '2025-11-27 03:59:33'),
(3724, 529, 3, NULL, 363, '2025-11-27 03:59:33'),
(3726, 529, 3, NULL, 364, '2025-11-27 03:59:33'),
(3728, 529, 3, NULL, 365, '2025-11-27 03:59:33'),
(3730, 529, 3, NULL, 366, '2025-11-27 03:59:33'),
(3731, 529, 3, NULL, 367, '2025-11-27 03:59:33'),
(3732, 529, 3, NULL, 368, '2025-11-27 03:59:33'),
(3733, 529, 3, NULL, 369, '2025-11-27 03:59:33'),
(3734, 529, 3, NULL, 370, '2025-11-27 03:59:33'),
(3736, 529, 3, NULL, 371, '2025-11-27 03:59:33'),
(3738, 529, 3, NULL, 372, '2025-11-27 03:59:33'),
(3740, 529, 3, NULL, 373, '2025-11-27 03:59:33'),
(3741, 529, 3, NULL, 374, '2025-11-27 03:59:33'),
(3742, 529, 3, NULL, 375, '2025-11-27 03:59:33'),
(3743, 529, 3, NULL, 376, '2025-11-27 03:59:33'),
(3744, 529, 3, NULL, 377, '2025-11-27 03:59:33'),
(3746, 529, 3, NULL, 378, '2025-11-27 03:59:33'),
(3748, 529, 3, NULL, 379, '2025-11-27 03:59:33'),
(3750, 529, 3, NULL, 380, '2025-11-27 03:59:33'),
(3751, 529, 3, NULL, 381, '2025-11-27 03:59:33'),
(3752, 529, 3, NULL, 382, '2025-11-27 03:59:33'),
(3753, 529, 3, NULL, 383, '2025-11-27 03:59:33'),
(3754, 529, 3, NULL, 384, '2025-11-27 03:59:33'),
(3756, 529, 3, NULL, 385, '2025-11-27 03:59:33'),
(3758, 529, 3, NULL, 386, '2025-11-27 03:59:33'),
(3760, 529, 3, NULL, 387, '2025-11-27 03:59:33'),
(3761, 529, 3, NULL, 388, '2025-11-27 03:59:34'),
(3762, 529, 3, NULL, 389, '2025-11-27 03:59:34'),
(3763, 529, 3, NULL, 390, '2025-11-27 03:59:34'),
(3764, 529, 3, NULL, 391, '2025-11-27 03:59:34'),
(3766, 529, 3, NULL, 392, '2025-11-27 03:59:34'),
(3771, 529, 3, NULL, 393, '2025-11-27 03:59:34'),
(3773, 529, 3, NULL, 394, '2025-11-27 03:59:34'),
(3774, 529, 3, NULL, 395, '2025-11-27 03:59:34'),
(3775, 529, 3, NULL, 396, '2025-11-27 03:59:34'),
(3776, 529, 3, NULL, 397, '2025-11-27 03:59:34'),
(3777, 529, 3, NULL, 398, '2025-11-27 03:59:34'),
(3779, 529, 3, NULL, 399, '2025-11-27 03:59:34'),
(3781, 529, 3, NULL, 400, '2025-11-27 03:59:34'),
(3783, 529, 2, 13, 401, '2025-11-27 03:59:34'),
(3784, 529, 2, 13, 402, '2025-11-27 03:59:34'),
(3785, 529, 3, NULL, 403, '2025-11-27 03:59:34'),
(3786, 529, 3, NULL, 404, '2025-11-27 03:59:34'),
(3787, 529, 3, NULL, 405, '2025-11-27 03:59:34'),
(3788, 529, 3, NULL, 406, '2025-11-27 03:59:34'),
(3789, 529, 3, NULL, 407, '2025-11-27 03:59:34'),
(3791, 529, 3, NULL, 408, '2025-11-27 03:59:34'),
(3793, 529, 3, NULL, 409, '2025-11-27 03:59:34'),
(3795, 529, 3, NULL, 410, '2025-11-27 03:59:34'),
(3796, 529, 3, NULL, 411, '2025-11-27 03:59:34'),
(3797, 529, 3, NULL, 412, '2025-11-27 03:59:34'),
(3798, 529, 3, NULL, 413, '2025-11-27 03:59:34'),
(3799, 529, 3, NULL, 414, '2025-11-27 03:59:34'),
(3801, 529, 3, NULL, 415, '2025-11-27 03:59:34'),
(3803, 529, 3, NULL, 416, '2025-11-27 03:59:34'),
(3805, 529, 3, NULL, 417, '2025-11-27 03:59:34'),
(3806, 529, 3, NULL, 418, '2025-11-27 03:59:34'),
(3807, 529, 3, NULL, 419, '2025-11-27 03:59:35'),
(3808, 529, 3, NULL, 420, '2025-11-27 03:59:35'),
(3809, 529, 3, NULL, 421, '2025-11-27 03:59:35'),
(3811, 529, 3, NULL, 422, '2025-11-27 03:59:35'),
(3813, 529, 3, NULL, 423, '2025-11-27 03:59:35'),
(3815, 529, 3, NULL, 424, '2025-11-27 03:59:35'),
(3816, 529, 3, NULL, 425, '2025-11-27 03:59:35'),
(3817, 529, 3, NULL, 426, '2025-11-27 03:59:35'),
(3818, 529, 3, NULL, 427, '2025-11-27 03:59:35'),
(3819, 529, 3, NULL, 428, '2025-11-27 03:59:35'),
(3821, 529, 3, NULL, 429, '2025-11-27 03:59:35'),
(3823, 529, 3, NULL, 430, '2025-11-27 03:59:35'),
(3825, 529, 3, NULL, 431, '2025-11-27 03:59:35'),
(3826, 529, 3, NULL, 432, '2025-11-27 03:59:35'),
(3827, 529, 3, NULL, 433, '2025-11-27 03:59:35'),
(3828, 529, 3, NULL, 434, '2025-11-27 03:59:35'),
(3829, 529, 3, NULL, 435, '2025-11-27 03:59:35'),
(3831, 529, 3, NULL, 436, '2025-11-27 03:59:35'),
(3833, 529, 3, NULL, 437, '2025-11-27 03:59:35'),
(3835, 529, 3, NULL, 438, '2025-11-27 03:59:35'),
(3836, 529, 3, NULL, 439, '2025-11-27 03:59:35'),
(3837, 529, 3, NULL, 440, '2025-11-27 03:59:35'),
(3838, 529, 3, NULL, 441, '2025-11-27 03:59:35'),
(3839, 529, 3, NULL, 442, '2025-11-27 03:59:35'),
(3841, 529, 3, NULL, 443, '2025-11-27 03:59:35'),
(3842, 529, 2, 13, 444, '2025-11-27 03:59:35'),
(3843, 529, 3, NULL, 445, '2025-11-27 03:59:35'),
(3846, 529, 2, 10, 446, '2025-11-27 03:59:36'),
(3847, 529, 3, NULL, 447, '2025-11-27 03:59:36'),
(3848, 530, 2, NULL, 1, '2025-11-27 04:00:44'),
(3849, 530, 5, NULL, 2, '2025-11-27 04:00:44'),
(3850, 530, 1, 10, 3, '2025-11-27 04:00:49'),
(3851, 530, 2, 10, 4, '2025-11-27 04:00:50'),
(3852, 530, 1, 11, 5, '2025-11-27 04:00:55'),
(3853, 530, 2, 11, 6, '2025-11-27 04:00:56'),
(3854, 530, 1, 13, 7, '2025-11-27 04:01:00'),
(3855, 530, 1, 12, 8, '2025-11-27 04:01:00'),
(3856, 530, 1, NULL, 9, '2025-11-27 04:01:00'),
(3857, 530, 2, 13, 10, '2025-11-27 04:01:01'),
(3858, 530, 1, 13, 11, '2025-11-27 04:01:03'),
(3859, 530, 1, 12, 12, '2025-11-27 04:01:03'),
(3860, 530, 1, NULL, 13, '2025-11-27 04:01:03'),
(3861, 530, 2, 13, 14, '2025-11-27 04:01:04'),
(3864, 530, 1, NULL, 15, '2025-11-27 04:01:12'),
(3866, 530, 1, 11, 16, '2025-11-27 04:01:12'),
(3868, 530, 1, 13, 17, '2025-11-27 04:01:12'),
(3869, 530, 1, 12, 18, '2025-11-27 04:01:12'),
(3870, 530, 1, NULL, 19, '2025-11-27 04:01:12'),
(3871, 530, 1, 13, 20, '2025-11-27 04:01:12'),
(3872, 530, 1, 12, 21, '2025-11-27 04:01:12'),
(3873, 530, 2, 11, 22, '2025-11-27 04:01:12'),
(3874, 530, 2, 13, 23, '2025-11-27 04:01:12'),
(3875, 530, 2, 13, 24, '2025-11-27 04:01:12'),
(3876, 530, 2, NULL, 25, '2025-11-27 04:01:12'),
(3877, 530, 1, NULL, 26, '2025-11-27 04:01:12'),
(3878, 530, 2, NULL, 27, '2025-11-27 04:01:12'),
(3879, 530, 1, 10, 28, '2025-11-27 04:01:12'),
(3881, 530, 1, 11, 29, '2025-11-27 04:01:12'),
(3882, 530, 1, 13, 30, '2025-11-27 04:01:12'),
(3883, 530, 1, 12, 31, '2025-11-27 04:01:12'),
(3884, 530, 1, NULL, 32, '2025-11-27 04:01:12'),
(3885, 530, 1, 10, 33, '2025-11-27 04:01:12'),
(3887, 530, 1, 11, 34, '2025-11-27 04:01:12'),
(3888, 530, 1, 13, 35, '2025-11-27 04:01:12'),
(3889, 530, 1, 12, 36, '2025-11-27 04:01:12'),
(3890, 530, 1, NULL, 37, '2025-11-27 04:01:12'),
(3891, 530, 1, 10, 38, '2025-11-27 04:01:12'),
(3893, 530, 1, 13, 39, '2025-11-27 04:01:12'),
(3894, 530, 1, 12, 40, '2025-11-27 04:01:12'),
(3895, 530, 1, NULL, 41, '2025-11-27 04:01:12'),
(3896, 530, 1, 13, 42, '2025-11-27 04:01:12'),
(3897, 530, 1, 12, 43, '2025-11-27 04:01:12'),
(3898, 530, 1, NULL, 44, '2025-11-27 04:01:12'),
(3899, 530, 1, 10, 45, '2025-11-27 04:01:12'),
(3900, 530, 1, 13, 46, '2025-11-27 04:01:12'),
(3901, 530, 1, 12, 47, '2025-11-27 04:01:12'),
(3902, 530, 1, NULL, 48, '2025-11-27 04:01:13'),
(3903, 530, 1, 10, 49, '2025-11-27 04:01:13'),
(3904, 530, 1, 13, 50, '2025-11-27 04:01:13'),
(3905, 530, 1, 12, 51, '2025-11-27 04:01:13'),
(3906, 530, 1, NULL, 52, '2025-11-27 04:01:13'),
(3907, 530, 1, 10, 53, '2025-11-27 04:01:13'),
(3908, 530, 2, NULL, 54, '2025-11-27 04:01:14'),
(3909, 530, 2, NULL, 55, '2025-11-27 04:01:14'),
(3910, 530, 2, NULL, 56, '2025-11-27 04:01:14'),
(3911, 530, 2, NULL, 57, '2025-11-27 04:01:14'),
(3912, 530, 2, NULL, 58, '2025-11-27 04:01:16'),
(3913, 530, 2, NULL, 59, '2025-11-27 04:01:16'),
(3914, 530, 2, 11, 60, '2025-11-27 04:01:16'),
(3915, 530, 2, 13, 61, '2025-11-27 04:01:16'),
(3916, 530, 2, 13, 62, '2025-11-27 04:01:16'),
(3917, 530, 2, NULL, 63, '2025-11-27 04:01:16'),
(3918, 530, 2, NULL, 64, '2025-11-27 04:01:16'),
(3919, 530, 2, NULL, 65, '2025-11-27 04:01:24'),
(3920, 530, 5, NULL, 66, '2025-11-27 04:01:24'),
(3921, 531, 2, NULL, 1, '2025-11-27 04:05:57'),
(3922, 531, 2, NULL, 2, '2025-11-27 04:05:57'),
(3923, 531, 2, NULL, 3, '2025-11-27 04:05:59'),
(3924, 531, 2, NULL, 4, '2025-11-27 04:05:59'),
(3925, 531, 2, NULL, 5, '2025-11-27 04:06:00'),
(3926, 531, 2, NULL, 6, '2025-11-27 04:06:00'),
(3929, 531, 2, NULL, 7, '2025-11-27 04:06:03'),
(3932, 531, 3, NULL, 8, '2025-11-27 04:06:07'),
(3933, 531, 2, NULL, 9, '2025-11-27 04:06:08'),
(3934, 531, 5, 10, 10, '2025-11-27 04:06:08'),
(3937, 531, 2, NULL, 11, '2025-11-27 04:06:10'),
(3945, 531, 5, 13, 12, '2025-11-27 04:06:14'),
(3946, 531, 2, NULL, 13, '2025-11-27 04:06:14'),
(3948, 531, 2, NULL, 14, '2025-11-27 04:06:15'),
(3952, 531, 2, NULL, 15, '2025-11-27 04:06:17'),
(3954, 531, 3, NULL, 16, '2025-11-27 04:06:18'),
(3955, 531, 2, NULL, 17, '2025-11-27 04:06:19'),
(3956, 531, 5, 13, 18, '2025-11-27 04:06:19'),
(3958, 531, 3, NULL, 19, '2025-11-27 04:06:20'),
(3959, 531, 2, NULL, 20, '2025-11-27 04:06:21'),
(3960, 531, 5, 10, 21, '2025-11-27 04:06:21'),
(3962, 531, 3, NULL, 22, '2025-11-27 04:06:22'),
(3963, 531, 2, NULL, 23, '2025-11-27 04:06:22'),
(3964, 531, 5, 13, 24, '2025-11-27 04:06:22'),
(3966, 531, 3, NULL, 25, '2025-11-27 04:06:23'),
(3967, 531, 5, 10, 26, '2025-11-27 04:06:24'),
(3968, 531, 2, NULL, 27, '2025-11-27 04:06:24'),
(3970, 531, 3, NULL, 28, '2025-11-27 04:06:24'),
(3971, 531, 5, 10, 29, '2025-11-27 04:06:25'),
(3972, 531, 2, NULL, 30, '2025-11-27 04:06:25'),
(3974, 531, 3, NULL, 31, '2025-11-27 04:06:26'),
(3975, 531, 5, 10, 32, '2025-11-27 04:06:27'),
(3976, 531, 2, NULL, 33, '2025-11-27 04:06:27'),
(3978, 531, 3, NULL, 34, '2025-11-27 04:06:28'),
(3979, 531, 2, NULL, 35, '2025-11-27 04:06:29'),
(3980, 531, 5, 10, 36, '2025-11-27 04:06:29'),
(3981, 531, 2, NULL, 37, '2025-11-27 04:06:57'),
(3982, 531, 1, 10, 38, '2025-11-27 04:07:00'),
(3983, 531, 2, 10, 39, '2025-11-27 04:07:02'),
(3984, 531, 1, 11, 40, '2025-11-27 04:07:06'),
(3985, 531, 2, 11, 41, '2025-11-27 04:07:07'),
(3986, 531, 1, 13, 42, '2025-11-27 04:07:09'),
(3987, 531, 1, 12, 43, '2025-11-27 04:07:09'),
(3988, 531, 1, NULL, 44, '2025-11-27 04:07:09'),
(3989, 531, 2, 13, 45, '2025-11-27 04:07:10'),
(3990, 531, 1, 13, 46, '2025-11-27 04:07:12'),
(3991, 531, 1, 12, 47, '2025-11-27 04:07:12'),
(3992, 531, 1, NULL, 48, '2025-11-27 04:07:12'),
(3993, 531, 2, 13, 49, '2025-11-27 04:07:13'),
(3996, 531, 4, 10, 50, '2025-11-27 04:07:26'),
(3997, 531, 4, 10, 51, '2025-11-27 04:07:26'),
(3998, 531, 4, 10, 52, '2025-11-27 04:07:26'),
(3999, 531, 4, 10, 53, '2025-11-27 04:07:26'),
(4000, 531, 4, 10, 54, '2025-11-27 04:07:26'),
(4001, 531, 4, 10, 55, '2025-11-27 04:07:26'),
(4002, 531, 4, 10, 56, '2025-11-27 04:07:26'),
(4003, 531, 4, 10, 57, '2025-11-27 04:07:26'),
(4004, 531, 4, 10, 58, '2025-11-27 04:07:27'),
(4005, 531, 4, 10, 59, '2025-11-27 04:07:27'),
(4006, 531, 4, 10, 60, '2025-11-27 04:07:27'),
(4007, 531, 4, 10, 61, '2025-11-27 04:07:27'),
(4008, 531, 4, NULL, 62, '2025-11-27 04:07:33'),
(4009, 531, 4, NULL, 63, '2025-11-27 04:07:34'),
(4010, 531, 4, NULL, 64, '2025-11-27 04:07:34'),
(4011, 531, 4, 12, 65, '2025-11-27 04:07:37'),
(4012, 531, 4, 13, 66, '2025-11-27 04:07:39'),
(4013, 531, 2, 13, 67, '2025-11-27 04:07:43'),
(4015, 531, 2, 13, 68, '2025-11-27 04:07:46'),
(4017, 533, 1, 13, 1, '2025-11-27 04:23:01'),
(4018, 533, 1, 12, 2, '2025-11-27 04:23:01'),
(4019, 533, 2, 13, 3, '2025-11-27 04:23:02'),
(4020, 533, 1, 13, 4, '2025-11-27 04:23:03'),
(4021, 533, 1, 12, 5, '2025-11-27 04:23:03'),
(4022, 533, 2, 13, 6, '2025-11-27 04:23:04'),
(4025, 533, 1, 11, 7, '2025-11-27 04:23:08'),
(4026, 533, 2, 11, 8, '2025-11-27 04:23:08'),
(4027, 533, 1, 10, 9, '2025-11-27 04:23:09'),
(4028, 533, 2, 10, 10, '2025-11-27 04:23:10'),
(4030, 536, 3, NULL, 1, '2025-11-28 23:44:56'),
(4031, 536, 2, NULL, 2, '2025-11-28 23:44:57'),
(4032, 536, 5, 1, 3, '2025-11-28 23:44:57'),
(4033, 537, 1, 1, 1, '2025-11-28 23:54:08'),
(4034, 537, 2, 1, 2, '2025-11-28 23:54:10'),
(4035, 537, 3, NULL, 3, '2025-11-28 23:54:10');

-- --------------------------------------------------------

--
-- Table structure for table `CONEXION_BLOQUE`
--

CREATE TABLE `CONEXION_BLOQUE` (
  `accion_id` bigint UNSIGNED NOT NULL,
  `padre_tipo_bloque_id` smallint UNSIGNED DEFAULT NULL,
  `hijo_tipo_bloque_id` smallint UNSIGNED DEFAULT NULL
) ENGINE=InnoDB DEFAULT CHARSET=utf8mb4 COLLATE=utf8mb4_0900_ai_ci;

--
-- Dumping data for table `CONEXION_BLOQUE`
--

INSERT INTO `CONEXION_BLOQUE` (`accion_id`, `padre_tipo_bloque_id`, `hijo_tipo_bloque_id`) VALUES
(1138, 1, 1),
(1141, 1, 2),
(1144, 2, 1),
(1147, 1, 3),
(1150, 3, 1),
(1154, 9, 1),
(1159, 9, 1),
(1162, 1, 2),
(1165, 2, 1),
(1168, 1, 3),
(1171, 1, 3),
(1175, 9, 1),
(1180, 2, 9),
(1184, 1, 2),
(1188, 1, 1),
(1192, 9, 1),
(1196, 1, 7),
(1199, 7, 2),
(1203, 9, 1),
(1207, 1, 7),
(1211, 7, 3),
(1215, 9, 1),
(1219, 1, 7),
(1223, 7, 2),
(1226, 7, 7),
(1230, 7, 3),
(1234, 8, 1),
(1237, 8, 2),
(1245, 9, 1),
(1249, 1, 8),
(1251, 9, 1),
(1253, 9, 1),
(1255, 9, 1),
(1260, 9, 8),
(1263, 8, 1),
(1266, 8, 8),
(1270, 8, 2),
(1273, 8, 7),
(1277, 7, 3),
(1280, 1, 7),
(1285, 8, 9),
(1288, 9, 3),
(1291, 3, 1),
(1297, 3, 1),
(1298, 3, 7),
(1299, 7, 1),
(1303, 9, 1),
(1311, 9, 7),
(1315, 7, 2),
(1321, 7, 8),
(1324, 8, 1),
(1327, 8, 3),
(1336, 8, 10),
(1339, 8, 11),
(1343, 8, 10),
(1346, 8, 10),
(1349, 8, 11),
(1352, 8, 10),
(1365, 8, 13),
(1368, 8, 10),
(1376, 8, 10),
(1390, NULL, 13),
(1408, NULL, 13),
(1414, NULL, 10),
(1428, NULL, 10),
(1440, NULL, 11),
(1443, NULL, 10),
(1469, NULL, 13),
(1474, NULL, 10),
(1495, NULL, 10),
(1496, NULL, 13),
(1497, NULL, 13),
(1498, NULL, 10),
(1499, NULL, 10),
(1500, NULL, 13),
(1501, NULL, 13),
(1502, NULL, 10),
(1503, NULL, 13),
(1504, NULL, 10),
(1505, NULL, 13),
(1506, NULL, 10),
(1507, NULL, 13),
(1508, NULL, 10),
(1509, NULL, 13),
(1510, NULL, 10),
(1511, NULL, 13),
(1512, NULL, 10),
(1513, NULL, 13),
(1514, NULL, 10),
(1519, NULL, 10),
(1520, NULL, 13),
(1521, NULL, 13),
(1522, NULL, 10),
(1527, NULL, 10),
(1528, NULL, 13),
(1529, NULL, 13),
(1530, NULL, 10),
(1533, NULL, 10),
(1541, NULL, 11),
(1543, NULL, 11),
(1545, NULL, 11),
(1550, NULL, 13),
(1556, NULL, 10),
(1574, NULL, 11),
(1580, NULL, 13),
(1585, NULL, 10),
(1626, NULL, 13),
(1627, NULL, 10),
(1628, NULL, 10),
(1629, NULL, 13),
(1630, NULL, 10),
(1631, NULL, 13),
(1632, NULL, 13),
(1633, NULL, 10),
(1634, NULL, 13),
(1635, NULL, 10),
(1636, NULL, 13),
(1637, NULL, 10),
(1638, NULL, 13),
(1639, NULL, 10),
(1640, NULL, 13),
(1641, NULL, 10),
(1642, NULL, 13),
(1643, NULL, 10),
(1644, NULL, 13),
(1645, NULL, 10),
(1650, NULL, 10),
(1651, NULL, 13),
(1652, NULL, 13),
(1653, NULL, 10),
(1658, NULL, 10),
(1659, NULL, 13),
(1660, NULL, 10),
(1661, NULL, 13),
(1670, NULL, 13),
(1671, NULL, 10),
(1672, NULL, 13),
(1673, NULL, 10),
(1678, NULL, 13),
(1679, NULL, 10),
(1680, NULL, 13),
(1681, NULL, 10),
(1688, NULL, 13),
(1689, NULL, 13),
(1690, NULL, 10),
(1691, NULL, 10),
(1700, NULL, 13),
(1701, NULL, 10),
(1702, NULL, 13),
(1703, NULL, 13),
(1704, NULL, 10),
(1705, NULL, 10),
(1706, NULL, 13),
(1707, NULL, 10),
(1712, NULL, 10),
(1713, NULL, 13),
(1714, NULL, 13),
(1715, NULL, 10),
(1732, NULL, 13),
(1733, NULL, 10),
(1734, NULL, 10),
(1735, NULL, 13),
(1736, NULL, 13),
(1737, NULL, 10),
(1738, NULL, 13),
(1739, NULL, 10),
(1740, NULL, 13),
(1741, NULL, 10),
(1742, NULL, 13),
(1743, NULL, 10),
(1744, NULL, 13),
(1745, NULL, 10),
(1746, NULL, 13),
(1747, NULL, 10),
(1756, NULL, 13),
(1757, NULL, 11),
(1760, 13, NULL),
(1793, NULL, 11),
(1794, NULL, 11),
(1795, NULL, 10),
(1796, NULL, 10),
(1797, NULL, 10),
(1798, NULL, 11),
(1799, NULL, 11),
(1800, NULL, 10),
(1801, NULL, 11),
(1802, NULL, 10),
(1803, NULL, 11),
(1804, NULL, 10),
(1805, NULL, 11),
(1806, NULL, 10),
(1807, NULL, 11),
(1808, NULL, 10),
(1809, NULL, 11),
(1810, NULL, 10),
(1811, NULL, 11),
(1812, NULL, 10),
(1813, NULL, 11),
(1814, NULL, 10),
(1815, NULL, 11),
(1816, NULL, 10),
(1817, NULL, 11),
(1818, NULL, 10),
(1819, NULL, 11),
(1820, NULL, 10),
(1823, NULL, 11),
(1824, NULL, 10),
(1827, NULL, 10),
(1828, NULL, 11),
(1831, NULL, 11),
(1832, NULL, 10),
(1835, NULL, 10),
(1848, NULL, 13),
(1853, 10, 10),
(1882, NULL, 13),
(1883, NULL, 13),
(1884, NULL, 10),
(1885, NULL, 10),
(1886, NULL, 13),
(1887, NULL, 10),
(1888, NULL, 13),
(1889, NULL, 10),
(1890, NULL, 13),
(1891, NULL, 10),
(1892, NULL, 13),
(1893, NULL, 10),
(1894, NULL, 13),
(1895, NULL, 10),
(1896, NULL, 13),
(1897, NULL, 10),
(1898, NULL, 13),
(1899, NULL, 10),
(1900, NULL, 13),
(1901, NULL, 10),
(1903, 13, 12),
(1905, 13, 12),
(1907, NULL, 13),
(1911, NULL, 10),
(1915, NULL, 13),
(1919, 10, 10),
(1923, NULL, 10),
(1925, 10, 10),
(1931, NULL, 11),
(1939, NULL, 10),
(1955, NULL, 11),
(1958, NULL, 10),
(1977, NULL, 13),
(1982, NULL, 10),
(1995, NULL, 11),
(2002, NULL, 13),
(2010, NULL, 13),
(2015, NULL, 10),
(2024, NULL, 11),
(2027, NULL, 10),
(2056, NULL, 11),
(2057, NULL, 10),
(2058, NULL, 10),
(2059, NULL, 11),
(2060, NULL, 11),
(2061, NULL, 10),
(2062, NULL, 11),
(2063, NULL, 10),
(2064, NULL, 11),
(2065, NULL, 10),
(2066, NULL, 11),
(2067, NULL, 10),
(2068, NULL, 11),
(2069, NULL, 10),
(2070, NULL, 11),
(2071, NULL, 10),
(2072, NULL, 11),
(2073, NULL, 10),
(2074, NULL, 11),
(2075, NULL, 10),
(2080, NULL, 11),
(2081, NULL, 10),
(2082, NULL, 11),
(2083, NULL, 10),
(2088, NULL, 11),
(2089, NULL, 10),
(2090, NULL, 10),
(2091, NULL, 11),
(2098, NULL, 11),
(2099, NULL, 10),
(2100, NULL, 11),
(2101, NULL, 10),
(2106, NULL, 11),
(2107, NULL, 11),
(2108, NULL, 10),
(2109, NULL, 10),
(2114, NULL, 10),
(2115, NULL, 10),
(2116, NULL, 11),
(2117, NULL, 11),
(2122, NULL, 11),
(2123, NULL, 10),
(2124, NULL, 11),
(2125, NULL, 10),
(2134, NULL, 13),
(2138, NULL, 11),
(2146, NULL, 10),
(2149, NULL, 10),
(2165, NULL, 10),
(2167, NULL, 10),
(2199, NULL, 13),
(2209, NULL, 13),
(2341, NULL, 10),
(2344, NULL, 10),
(2345, NULL, 10),
(2347, NULL, 10),
(2350, NULL, 10),
(2351, NULL, 10),
(2353, NULL, 10),
(2355, NULL, 10),
(2357, NULL, 10),
(2359, NULL, 10),
(2361, NULL, 10),
(2363, NULL, 10),
(2365, NULL, 10),
(2367, NULL, 10),
(2373, NULL, 10),
(2375, NULL, 10),
(2393, NULL, 10),
(2395, NULL, 10),
(2397, NULL, 10),
(2399, NULL, 10),
(2401, NULL, 10),
(2403, NULL, 10),
(2405, NULL, 10),
(2407, NULL, 10),
(2412, NULL, 13),
(2417, NULL, 10),
(2420, NULL, 10),
(2431, NULL, 13),
(2451, NULL, 13),
(2458, NULL, 10),
(2463, 10, 10),
(2464, NULL, 10),
(2465, NULL, 10),
(2467, 10, 10),
(2475, NULL, 11),
(2477, NULL, 10),
(2482, NULL, 10),
(2483, NULL, 10),
(2484, 10, 10),
(2486, 10, 10),
(2499, NULL, 10),
(2508, NULL, 10),
(2530, NULL, 13),
(2533, NULL, 10),
(2537, NULL, 13),
(2541, NULL, 10),
(2554, NULL, 10),
(2562, NULL, 10),
(2578, NULL, 10),
(2581, NULL, 10),
(2673, NULL, 10),
(2687, NULL, 13),
(2779, NULL, 13),
(2783, NULL, 13),
(2787, NULL, 13),
(2791, NULL, 13),
(2795, NULL, 13),
(2799, NULL, 13),
(2804, NULL, 13),
(2807, NULL, 13),
(2811, NULL, 13),
(2815, NULL, 13),
(2819, NULL, 13),
(2823, NULL, 13),
(2827, NULL, 13),
(2831, NULL, 13),
(2835, NULL, 13),
(2839, NULL, 13),
(2843, NULL, 13),
(2847, NULL, 13),
(2850, NULL, 13),
(2855, NULL, 13),
(2859, NULL, 13),
(2863, NULL, 13),
(2884, NULL, 13),
(2887, NULL, 13),
(2891, NULL, 13),
(2895, NULL, 13),
(2900, NULL, 13),
(2903, NULL, 10),
(2906, NULL, 10),
(2909, NULL, 10),
(2947, NULL, 10),
(2950, NULL, 10),
(3291, NULL, 10),
(3292, NULL, 10),
(3294, NULL, 10),
(3295, NULL, 13),
(3297, NULL, 10),
(3298, NULL, 10),
(3300, NULL, 13),
(3301, NULL, 10),
(3303, NULL, 10),
(3305, NULL, 10),
(3306, NULL, 13),
(3307, NULL, 10),
(3308, NULL, 13),
(3309, NULL, 10),
(3311, NULL, 10),
(3313, NULL, 10),
(3315, NULL, 10),
(3316, NULL, 13),
(3317, NULL, 10),
(3318, NULL, 13),
(3319, NULL, 10),
(3321, NULL, 10),
(3324, NULL, 10),
(3325, NULL, 10),
(3326, NULL, 13),
(3327, NULL, 10),
(3328, NULL, 13),
(3329, NULL, 10),
(3331, NULL, 10),
(3333, NULL, 10),
(3335, NULL, 10),
(3336, NULL, 10),
(3337, NULL, 13),
(3338, NULL, 13),
(3339, NULL, 10),
(3341, NULL, 10),
(3343, NULL, 10),
(3345, NULL, 10),
(3346, NULL, 13),
(3347, NULL, 10),
(3348, NULL, 13),
(3349, NULL, 10),
(3351, NULL, 10),
(3353, NULL, 10),
(3355, NULL, 10),
(3356, NULL, 13),
(3357, NULL, 10),
(3358, NULL, 13),
(3380, NULL, 10),
(3381, NULL, 10),
(3383, NULL, 10),
(3385, NULL, 10),
(3386, NULL, 13),
(3387, NULL, 10),
(3388, NULL, 13),
(3389, NULL, 10),
(3391, NULL, 10),
(3393, NULL, 10),
(3395, NULL, 10),
(3396, NULL, 13),
(3397, NULL, 10),
(3398, NULL, 13),
(3399, NULL, 10),
(3401, NULL, 10),
(3404, NULL, 10),
(3405, NULL, 10),
(3406, NULL, 13),
(3407, NULL, 10),
(3408, NULL, 13),
(3409, NULL, 10),
(3411, NULL, 10),
(3414, NULL, 10),
(3435, NULL, 10),
(3436, NULL, 13),
(3437, NULL, 10),
(3438, NULL, 13),
(3439, NULL, 10),
(3441, NULL, 10),
(3443, NULL, 10),
(3445, NULL, 10),
(3446, NULL, 13),
(3449, NULL, 10),
(3450, NULL, 13),
(3451, NULL, 10),
(3453, NULL, 10),
(3455, NULL, 10),
(3457, NULL, 10),
(3458, NULL, 13),
(3459, NULL, 10),
(3460, NULL, 13),
(3461, NULL, 10),
(3463, NULL, 10),
(3465, NULL, 10),
(3467, NULL, 10),
(3468, NULL, 13),
(3469, NULL, 10),
(3470, NULL, 13),
(3471, NULL, 10),
(3473, NULL, 10),
(3475, NULL, 10),
(3477, NULL, 10),
(3478, NULL, 10),
(3479, NULL, 13),
(3480, NULL, 13),
(3481, NULL, 10),
(3503, NULL, 10),
(3505, NULL, 10),
(3507, NULL, 10),
(3508, NULL, 13),
(3509, NULL, 10),
(3510, NULL, 13),
(3511, NULL, 10),
(3513, NULL, 10),
(3515, NULL, 10),
(3517, NULL, 10),
(3518, NULL, 13),
(3519, NULL, 10),
(3520, NULL, 13),
(3521, NULL, 10),
(3523, NULL, 10),
(3525, NULL, 10),
(3527, NULL, 10),
(3528, NULL, 13),
(3529, NULL, 10),
(3530, NULL, 13),
(3531, NULL, 10),
(3533, NULL, 10),
(3535, NULL, 10),
(3537, NULL, 10),
(3538, NULL, 13),
(3539, NULL, 10),
(3540, NULL, 13),
(3541, NULL, 10),
(3543, NULL, 10),
(3545, NULL, 10),
(3547, NULL, 10),
(3548, NULL, 13),
(3549, NULL, 10),
(3550, NULL, 13),
(3551, NULL, 10),
(3553, NULL, 10),
(3555, NULL, 10),
(3557, NULL, 10),
(3558, NULL, 13),
(3639, NULL, 10),
(3640, NULL, 13),
(3641, NULL, 10),
(3643, NULL, 10),
(3646, NULL, 10),
(3648, NULL, 10),
(3649, NULL, 13),
(3650, NULL, 10),
(3651, NULL, 13),
(3652, NULL, 10),
(3654, NULL, 10),
(3656, NULL, 10),
(3658, NULL, 10),
(3659, NULL, 13),
(3660, NULL, 10),
(3661, NULL, 13),
(3662, NULL, 10),
(3664, NULL, 10),
(3666, NULL, 10),
(3668, NULL, 10),
(3669, NULL, 13),
(3670, NULL, 10),
(3671, NULL, 13),
(3672, NULL, 10),
(3674, NULL, 10),
(3676, NULL, 10),
(3678, NULL, 10),
(3679, NULL, 13),
(3680, NULL, 10),
(3681, NULL, 13),
(3683, NULL, 10),
(3684, NULL, 10),
(3686, NULL, 10),
(3687, NULL, 10),
(3689, NULL, 10),
(3690, NULL, 13),
(3691, NULL, 13),
(3692, NULL, 10),
(3695, NULL, 10),
(3697, NULL, 10),
(3699, NULL, 10),
(3700, NULL, 13),
(3701, NULL, 10),
(3702, NULL, 13),
(3703, NULL, 10),
(3705, NULL, 10),
(3707, NULL, 10),
(3708, NULL, 10),
(3710, NULL, 13),
(3711, NULL, 10),
(3712, NULL, 13),
(3713, NULL, 10),
(3716, NULL, 10),
(3718, NULL, 10),
(3720, NULL, 10),
(3721, NULL, 13),
(3722, NULL, 10),
(3723, NULL, 13),
(3724, NULL, 10),
(3726, NULL, 10),
(3728, NULL, 10),
(3730, NULL, 10),
(3731, NULL, 13),
(3732, NULL, 10),
(3733, NULL, 13),
(3734, NULL, 10),
(3736, NULL, 10),
(3738, NULL, 10),
(3740, NULL, 10),
(3741, NULL, 13),
(3742, NULL, 10),
(3743, NULL, 13),
(3744, NULL, 10),
(3746, NULL, 10),
(3748, NULL, 10),
(3750, NULL, 10),
(3751, NULL, 13),
(3752, NULL, 10),
(3753, NULL, 13),
(3754, NULL, 10),
(3756, NULL, 10),
(3758, NULL, 10),
(3760, NULL, 10),
(3761, NULL, 13),
(3762, NULL, 10),
(3763, NULL, 13),
(3764, NULL, 10),
(3766, NULL, 10),
(3771, NULL, 10),
(3773, NULL, 10),
(3774, NULL, 13),
(3775, NULL, 10),
(3776, NULL, 13),
(3777, NULL, 10),
(3779, NULL, 10),
(3781, NULL, 10),
(3785, NULL, 10),
(3786, NULL, 13),
(3787, NULL, 10),
(3788, NULL, 13),
(3789, NULL, 10),
(3791, NULL, 10),
(3793, NULL, 10),
(3795, NULL, 10),
(3796, NULL, 13),
(3797, NULL, 10),
(3798, NULL, 13),
(3799, NULL, 10),
(3801, NULL, 10),
(3803, NULL, 10),
(3805, NULL, 10),
(3806, NULL, 13),
(3807, NULL, 10),
(3808, NULL, 13),
(3809, NULL, 10),
(3811, NULL, 10),
(3813, NULL, 10),
(3815, NULL, 10),
(3816, NULL, 13),
(3817, NULL, 10),
(3818, NULL, 13),
(3819, NULL, 10),
(3821, NULL, 10),
(3823, NULL, 10),
(3825, NULL, 10),
(3826, NULL, 10),
(3827, NULL, 13),
(3828, NULL, 13),
(3829, NULL, 10),
(3831, NULL, 10),
(3833, NULL, 10),
(3835, NULL, 10),
(3836, NULL, 13),
(3837, NULL, 10),
(3838, NULL, 13),
(3839, NULL, 10),
(3841, NULL, 13),
(3843, NULL, 13),
(3847, NULL, 10),
(3932, NULL, 10),
(3954, NULL, 13),
(3958, NULL, 10),
(3962, NULL, 13),
(3966, NULL, 10),
(3970, NULL, 10),
(3974, NULL, 10),
(3978, NULL, 10),
(4030, 1, 1),
(4035, 1, 1);

-- --------------------------------------------------------

--
-- Table structure for table `EDICION_BLOQUE`
--

CREATE TABLE `EDICION_BLOQUE` (
  `accion_id` bigint UNSIGNED NOT NULL,
  `elemento` varchar(32) DEFAULT NULL,
  `nombre` varchar(64) DEFAULT NULL,
  `valor_anterior` text,
  `valor_nuevo` text
) ENGINE=InnoDB DEFAULT CHARSET=utf8mb4 COLLATE=utf8mb4_0900_ai_ci;

--
-- Dumping data for table `EDICION_BLOQUE`
--

INSERT INTO `EDICION_BLOQUE` (`accion_id`, `elemento`, `nombre`, `valor_anterior`, `valor_nuevo`) VALUES
(1208, 'field', 'DIR', 'isPathForward', 'isPathRight'),
(1220, 'field', 'DIR', 'isPathForward', 'isPathLeft'),
(1227, 'field', 'DIR', 'isPathForward', 'isPathRight'),
(1267, 'field', 'DIR', 'isPathForward', 'isPathLeft'),
(1274, 'field', 'DIR', 'isPathForward', 'isPathRight'),
(1312, 'field', 'DIR', 'isPathForward', 'isPathLeft'),
(1340, 'field', 'ANGLE', '90', '0'),
(1353, 'field', 'ANGLE', '90', '0'),
(1354, 'field', 'ANGLE', '0', '345'),
(1355, 'field', 'ANGLE', '345', '330'),
(1356, 'field', 'ANGLE', '330', '315'),
(1357, 'field', 'ANGLE', '315', '300'),
(1358, 'field', 'ANGLE', '90', '60'),
(1359, 'field', 'ANGLE', '60', '45'),
(1360, 'field', 'ANGLE', '45', '60'),
(1369, 'field', 'ANGLE', '90', '60'),
(1370, 'field', 'ANGLE', '60', '45'),
(1371, 'field', 'ANGLE', '45', '30'),
(1372, 'field', 'ANGLE', '30', '15'),
(1373, 'field', 'ANGLE', '15', '0'),
(1377, 'field', 'ANGLE', '90', '75'),
(1378, 'field', 'ANGLE', '75', '60'),
(1379, 'field', 'ANGLE', '60', '45'),
(1380, 'field', 'ANGLE', '45', '30'),
(1381, 'field', 'ANGLE', '30', '15'),
(1382, 'field', 'ANGLE', '15', '330'),
(1383, 'field', 'ANGLE', '330', '300'),
(1384, 'field', 'ANGLE', '300', '285'),
(1385, 'field', 'ANGLE', '285', '270'),
(1409, 'field', 'NUM', '50', '0'),
(1410, 'field', 'NUM', '0', '2'),
(1411, 'field', 'NUM', '2', '20'),
(1415, 'field', 'ANGLE', '90', '75'),
(1416, 'field', 'ANGLE', '75', '60'),
(1417, 'field', 'ANGLE', '60', '45'),
(1418, 'field', 'ANGLE', '45', '30'),
(1419, 'field', 'ANGLE', '30', '0'),
(1420, 'field', 'ANGLE', '0', '330'),
(1421, 'field', 'ANGLE', '330', '285'),
(1422, 'field', 'ANGLE', '285', '270'),
(1423, 'field', 'ANGLE', '270', '255'),
(1424, 'field', 'ANGLE', '255', '270'),
(1425, 'field', 'OP', 'LT', 'GT'),
(1429, 'field', 'ANGLE', '90', '105'),
(1430, 'field', 'ANGLE', '105', '120'),
(1431, 'field', 'ANGLE', '120', '135'),
(1432, 'field', 'ANGLE', '135', '150'),
(1433, 'field', 'ANGLE', '150', '165'),
(1434, 'field', 'ANGLE', '165', '180'),
(1435, 'field', 'ANGLE', '180', '210'),
(1436, 'field', 'ANGLE', '210', '195'),
(1437, 'field', 'ANGLE', '195', '180'),
(1444, 'field', 'ANGLE', '90', '60'),
(1445, 'field', 'ANGLE', '60', '45'),
(1446, 'field', 'ANGLE', '45', '30'),
(1447, 'field', 'ANGLE', '30', '15'),
(1448, 'field', 'ANGLE', '15', '0'),
(1449, 'field', 'ANGLE', '0', '345'),
(1450, 'field', 'ANGLE', '345', '330'),
(1451, 'field', 'ANGLE', '330', '315'),
(1452, 'field', 'ANGLE', '315', '285'),
(1453, 'field', 'ANGLE', '285', '225'),
(1454, 'field', 'ANGLE', '225', '210'),
(1455, 'field', 'ANGLE', '210', '225'),
(1456, 'field', 'ANGLE', '225', '270'),
(1457, 'field', 'ANGLE', '270', '15'),
(1458, 'field', 'ANGLE', '15', '30'),
(1459, 'field', 'ANGLE', '30', '45'),
(1460, 'field', 'ANGLE', '45', '330'),
(1461, 'field', 'ANGLE', '330', '315'),
(1462, 'field', 'ANGLE', '315', '330'),
(1463, 'field', 'ANGLE', '330', '345'),
(1464, 'field', 'ANGLE', '345', '330'),
(1470, 'field', 'NUM', '50', '8'),
(1471, 'field', 'NUM', '8', '80'),
(1534, 'field', 'ANGLE', '90', '120'),
(1535, 'field', 'ANGLE', '120', '135'),
(1536, 'field', 'ANGLE', '135', '150'),
(1537, 'field', 'ANGLE', '150', '165'),
(1538, 'field', 'ANGLE', '165', '180'),
(1551, 'field', 'OP', 'LT', 'GT'),
(1552, 'field', 'NUM', '50', '2'),
(1553, 'field', 'NUM', '2', '20'),
(1557, 'field', 'ANGLE', '90', '105'),
(1558, 'field', 'ANGLE', '105', '120'),
(1559, 'field', 'ANGLE', '120', '150'),
(1560, 'field', 'ANGLE', '150', '180'),
(1561, 'field', 'ANGLE', '180', '195'),
(1562, 'field', 'ANGLE', '195', '210'),
(1563, 'field', 'ANGLE', '210', '225'),
(1564, 'field', 'ANGLE', '225', '240'),
(1565, 'field', 'ANGLE', '240', '300'),
(1566, 'field', 'ANGLE', '300', '285'),
(1567, 'field', 'ANGLE', '285', '270'),
(1568, 'field', 'ANGLE', '270', '255'),
(1569, 'field', 'ANGLE', '255', '225'),
(1570, 'field', 'ANGLE', '225', '240'),
(1571, 'field', 'NUM', '20', '4'),
(1572, 'field', 'NUM', '4', '40'),
(1581, 'field', 'NUM', '50', '8'),
(1582, 'field', 'NUM', '8', '80'),
(1586, 'field', 'ANGLE', '90', '105'),
(1587, 'field', 'ANGLE', '105', '120'),
(1588, 'field', 'ANGLE', '120', '135'),
(1589, 'field', 'ANGLE', '135', '150'),
(1590, 'field', 'ANGLE', '150', '195'),
(1591, 'field', 'ANGLE', '195', '300'),
(1592, 'field', 'ANGLE', '300', '315'),
(1593, 'field', 'ANGLE', '315', '330'),
(1594, 'field', 'ANGLE', '330', '345'),
(1595, 'field', 'ANGLE', '345', '0'),
(1596, 'field', 'ANGLE', '0', '345'),
(1597, 'field', 'ANGLE', '345', '330'),
(1598, 'field', 'ANGLE', '330', '315'),
(1599, 'field', 'ANGLE', '315', '300'),
(1600, 'field', 'ANGLE', '300', '345'),
(1601, 'field', 'ANGLE', '345', '330'),
(1602, 'field', 'ANGLE', '330', '315'),
(1849, 'field', 'NUM', '50', '8'),
(1850, 'field', 'NUM', '8', '80'),
(1854, 'field', 'ANGLE', '90', '105'),
(1855, 'field', 'ANGLE', '105', '120'),
(1856, 'field', 'ANGLE', '120', '135'),
(1857, 'field', 'ANGLE', '135', '150'),
(1858, 'field', 'ANGLE', '150', '165'),
(1859, 'field', 'ANGLE', '165', '180'),
(1860, 'field', 'ANGLE', '180', '195'),
(1861, 'field', 'ANGLE', '195', '180'),
(1940, 'field', 'ANGLE', '90', '105'),
(1941, 'field', 'ANGLE', '105', '120'),
(1942, 'field', 'ANGLE', '120', '135'),
(1943, 'field', 'ANGLE', '135', '150'),
(1944, 'field', 'ANGLE', '150', '165'),
(1945, 'field', 'ANGLE', '165', '180'),
(1946, 'field', 'ANGLE', '180', '195'),
(1947, 'field', 'ANGLE', '195', '210'),
(1948, 'field', 'ANGLE', '210', '225'),
(1949, 'field', 'ANGLE', '225', '240'),
(1950, 'field', 'ANGLE', '240', '255'),
(1951, 'field', 'ANGLE', '255', '240'),
(1952, 'field', 'ANGLE', '240', '225'),
(1959, 'field', 'ANGLE', '90', '75'),
(1960, 'field', 'ANGLE', '75', '45'),
(1961, 'field', 'ANGLE', '45', '30'),
(1962, 'field', 'ANGLE', '30', '15'),
(1963, 'field', 'ANGLE', '15', '0'),
(1964, 'field', 'ANGLE', '0', '345'),
(1965, 'field', 'ANGLE', '345', '330'),
(1966, 'field', 'ANGLE', '330', '300'),
(1967, 'field', 'ANGLE', '300', '285'),
(1968, 'field', 'ANGLE', '285', '270'),
(1969, 'field', 'ANGLE', '270', '285'),
(1970, 'field', 'ANGLE', '285', '300'),
(1971, 'field', 'ANGLE', '300', '315'),
(1972, 'field', 'ANGLE', '315', '330'),
(1978, 'field', 'NUM', '50', '8'),
(1979, 'field', 'NUM', '8', '80'),
(1983, 'field', 'ANGLE', '90', '75'),
(1984, 'field', 'ANGLE', '75', '60'),
(1985, 'field', 'ANGLE', '60', '45'),
(1986, 'field', 'ANGLE', '45', '15'),
(1987, 'field', 'ANGLE', '15', '255'),
(1988, 'field', 'ANGLE', '255', '240'),
(1989, 'field', 'ANGLE', '240', '195'),
(1990, 'field', 'ANGLE', '195', '165'),
(1991, 'field', 'ANGLE', '165', '150'),
(1992, 'field', 'ANGLE', '150', '165'),
(1993, 'field', 'ANGLE', '165', '180'),
(2003, 'field', 'OP', 'LT', 'GT'),
(2004, 'field', 'NUM', '50', '4'),
(2005, 'field', 'NUM', '4', '40'),
(2011, 'field', 'NUM', '50', '4'),
(2012, 'field', 'NUM', '4', '40'),
(2016, 'field', 'ANGLE', '90', '60'),
(2017, 'field', 'ANGLE', '60', '75'),
(2018, 'field', 'ANGLE', '75', '60'),
(2019, 'field', 'ANGLE', '60', '75'),
(2020, 'field', 'ANGLE', '75', '60'),
(2021, 'field', 'ANGLE', '60', '45'),
(2028, 'field', 'ANGLE', '90', '120'),
(2029, 'field', 'ANGLE', '120', '270'),
(2030, 'field', 'ANGLE', '270', '300'),
(2031, 'field', 'ANGLE', '300', '330'),
(2032, 'field', 'ANGLE', '330', '345'),
(2033, 'field', 'ANGLE', '345', '330'),
(2034, 'field', 'ANGLE', '330', '315'),
(2035, 'field', 'ANGLE', '315', '330'),
(2162, 'field', 'NUM', '50', '8'),
(2163, 'field', 'NUM', '8', '80'),
(2181, 'field', 'NUM', '50', '4'),
(2182, 'field', 'NUM', '4', '40'),
(2183, 'field', 'NUM', '40', '4'),
(2184, 'field', 'NUM', '4', '0'),
(2185, 'field', 'NUM', '0', '4'),
(2186, 'field', 'NUM', '4', '40'),
(2187, 'field', 'OP', 'LT', 'GT'),
(2188, 'field', 'OP', 'LT', 'GT'),
(2189, 'field', 'NUM', '80', '4'),
(2190, 'field', 'NUM', '4', '40'),
(2200, 'field', 'NUM', '40', '8'),
(2201, 'field', 'NUM', '8', '80'),
(2202, 'field', 'NUM', '40', '8'),
(2203, 'field', 'NUM', '8', '80'),
(2239, 'field', 'NUM', '50', '2'),
(2240, 'field', 'NUM', '2', '20'),
(2241, 'field', 'OP', 'LT', 'GT'),
(2242, 'field', 'ANGLE', '45', '75'),
(2243, 'field', 'ANGLE', '75', '60'),
(2244, 'field', 'ANGLE', '60', '45'),
(2245, 'field', 'ANGLE', '45', '75'),
(2246, 'field', 'ANGLE', '75', '90'),
(2247, 'field', 'ANGLE', '90', '105'),
(2248, 'field', 'ANGLE', '105', '90'),
(2249, 'field', 'ANGLE', '90', '75'),
(2250, 'field', 'ANGLE', '75', '300'),
(2251, 'field', 'ANGLE', '300', '270'),
(2252, 'field', 'ANGLE', '270', '285'),
(2253, 'field', 'ANGLE', '285', '300'),
(2254, 'field', 'ANGLE', '300', '315'),
(2255, 'field', 'ANGLE', '315', '330'),
(2256, 'field', 'ANGLE', '330', '345'),
(2257, 'field', 'ANGLE', '345', '0'),
(2258, 'field', 'ANGLE', '0', '15'),
(2259, 'field', 'ANGLE', '15', '30'),
(2260, 'field', 'ANGLE', '30', '90'),
(2261, 'field', 'ANGLE', '90', '120'),
(2262, 'field', 'ANGLE', '120', '150'),
(2263, 'field', 'ANGLE', '150', '165'),
(2264, 'field', 'ANGLE', '165', '180'),
(2265, 'field', 'XY', 'X', 'Y'),
(2266, 'field', 'NUM', '80', '2'),
(2267, 'field', 'NUM', '2', '20'),
(2268, 'field', 'ANGLE', '330', '90'),
(2269, 'field', 'ANGLE', '90', '105'),
(2270, 'field', 'ANGLE', '105', '120'),
(2271, 'field', 'ANGLE', '120', '135'),
(2272, 'field', 'ANGLE', '135', '180'),
(2273, 'field', 'ANGLE', '180', '195'),
(2274, 'field', 'ANGLE', '195', '180'),
(2275, 'field', 'ANGLE', '180', '165'),
(2276, 'field', 'ANGLE', '165', '150'),
(2277, 'field', 'ANGLE', '150', '135'),
(2278, 'field', 'ANGLE', '135', '120'),
(2279, 'field', 'ANGLE', '120', '135'),
(2280, 'field', 'ANGLE', '135', '150'),
(2281, 'field', 'ANGLE', '150', '195'),
(2282, 'field', 'ANGLE', '195', '225'),
(2283, 'field', 'ANGLE', '225', '240'),
(2284, 'field', 'ANGLE', '240', '255'),
(2285, 'field', 'ANGLE', '255', '270'),
(2286, 'field', 'ANGLE', '270', '285'),
(2287, 'field', 'ANGLE', '285', '300'),
(2288, 'field', 'ANGLE', '300', '315'),
(2289, 'field', 'ANGLE', '315', '330'),
(2290, 'field', 'ANGLE', '330', '315'),
(2291, 'field', 'ANGLE', '315', '300'),
(2292, 'field', 'ANGLE', '300', '285'),
(2293, 'field', 'ANGLE', '285', '270'),
(2294, 'field', 'ANGLE', '270', '255'),
(2295, 'field', 'ANGLE', '255', '240'),
(2296, 'field', 'ANGLE', '240', '195'),
(2297, 'field', 'ANGLE', '195', '210'),
(2298, 'field', 'ANGLE', '210', '225'),
(2299, 'field', 'ANGLE', '225', '240'),
(2300, 'field', 'ANGLE', '240', '255'),
(2301, 'field', 'ANGLE', '255', '270'),
(2302, 'field', 'ANGLE', '270', '285'),
(2303, 'field', 'ANGLE', '285', '300'),
(2304, 'field', 'ANGLE', '300', '315'),
(2305, 'field', 'ANGLE', '315', '330'),
(2306, 'field', 'ANGLE', '330', '345'),
(2307, 'field', 'ANGLE', '345', '330'),
(2308, 'field', 'ANGLE', '330', '315'),
(2309, 'field', 'ANGLE', '315', '300'),
(2310, 'field', 'ANGLE', '300', '285'),
(2311, 'field', 'ANGLE', '285', '270'),
(2413, 'field', 'NUM', '50', '7'),
(2414, 'field', 'NUM', '7', '70'),
(2421, 'field', 'ANGLE', '90', '3'),
(2422, 'field', 'ANGLE', '3', '31'),
(2423, 'field', 'ANGLE', '31', '315'),
(2440, 'field', 'NUM', '50', '4'),
(2441, 'field', 'NUM', '4', '40'),
(2455, 'field', 'NUM', '70', '4'),
(2456, 'field', 'NUM', '4', '40'),
(2489, 'field', 'OP', 'LT', 'GT'),
(2490, 'field', 'NUM', '40', '5'),
(2491, 'field', 'NUM', '5', '50'),
(2500, 'field', 'ANGLE', '90', '105'),
(2501, 'field', 'ANGLE', '105', '90'),
(2502, 'field', 'ANGLE', '90', '105'),
(2503, 'field', 'ANGLE', '105', '120'),
(2504, 'field', 'ANGLE', '120', '150'),
(2505, 'field', 'ANGLE', '150', '180'),
(2509, 'field', 'ANGLE', '90', '60'),
(2510, 'field', 'ANGLE', '60', '45'),
(2511, 'field', 'ANGLE', '45', '30'),
(2512, 'field', 'ANGLE', '30', '15'),
(2513, 'field', 'ANGLE', '15', '0'),
(2514, 'field', 'ANGLE', '0', '15'),
(2515, 'field', 'ANGLE', '15', '30'),
(2516, 'field', 'ANGLE', '30', '45'),
(2517, 'field', 'ANGLE', '45', '30'),
(2518, 'field', 'ANGLE', '30', '45'),
(2519, 'field', 'ANGLE', '45', '60'),
(2555, 'field', 'ANGLE', '90', '105'),
(2556, 'field', 'ANGLE', '105', '120'),
(2557, 'field', 'ANGLE', '120', '150'),
(2558, 'field', 'ANGLE', '150', '165'),
(2559, 'field', 'ANGLE', '165', '180'),
(2563, 'field', 'ANGLE', '90', '75'),
(2564, 'field', 'ANGLE', '75', '60'),
(2565, 'field', 'ANGLE', '60', '45'),
(2566, 'field', 'ANGLE', '45', '30'),
(2567, 'field', 'ANGLE', '30', '345'),
(2568, 'field', 'ANGLE', '345', '315'),
(2569, 'field', 'ANGLE', '315', '300'),
(2570, 'field', 'ANGLE', '300', '285'),
(2571, 'field', 'ANGLE', '285', '270'),
(2572, 'field', 'ANGLE', '270', '255'),
(2573, 'field', 'ANGLE', '255', '240'),
(2574, 'field', 'ANGLE', '240', '255'),
(2575, 'field', 'ANGLE', '255', '270'),
(2582, 'field', 'ANGLE', '90', '60'),
(2583, 'field', 'ANGLE', '60', '45'),
(2584, 'field', 'ANGLE', '45', '30'),
(2585, 'field', 'ANGLE', '30', '0'),
(2586, 'field', 'ANGLE', '0', '345'),
(2587, 'field', 'ANGLE', '345', '330'),
(2588, 'field', 'ANGLE', '345', '0'),
(2589, 'field', 'ANGLE', '330', '345'),
(2590, 'field', 'ANGLE', '0', '15'),
(2591, 'field', 'ANGLE', '15', '30'),
(2592, 'field', 'ANGLE', '30', '45'),
(2593, 'field', 'ANGLE', '45', '60'),
(2594, 'field', 'ANGLE', '60', '45'),
(2595, 'field', 'ANGLE', '45', '60'),
(2596, 'field', 'ANGLE', '60', '45'),
(2623, 'field', 'OP', 'LT', 'GT'),
(2624, 'field', 'NUM', '50', '2'),
(2625, 'field', 'NUM', '2', '20'),
(2626, 'field', 'XY', 'X', 'Y'),
(2627, 'field', 'OP', 'LT', 'GT'),
(2628, 'field', 'NUM', '50', '2'),
(2629, 'field', 'NUM', '2', '20'),
(2630, 'field', 'NUM', '50', '7'),
(2631, 'field', 'NUM', '7', '70'),
(2632, 'field', 'NUM', '50', '4'),
(2633, 'field', 'NUM', '4', '40'),
(2634, 'field', 'ANGLE', '45', '105'),
(2635, 'field', 'ANGLE', '105', '90'),
(2636, 'field', 'ANGLE', '90', '60'),
(2637, 'field', 'ANGLE', '60', '45'),
(2638, 'field', 'ANGLE', '45', '30'),
(2639, 'field', 'ANGLE', '30', '15'),
(2640, 'field', 'ANGLE', '15', '0'),
(2641, 'field', 'ANGLE', '0', '345'),
(2642, 'field', 'ANGLE', '345', '330'),
(2643, 'field', 'ANGLE', '330', '315'),
(2644, 'field', 'ANGLE', '315', '300'),
(2645, 'field', 'ANGLE', '300', '315'),
(2646, 'field', 'XY', 'X', 'Y'),
(2661, 'field', 'NUM', '50', '8'),
(2662, 'field', 'NUM', '8', '80'),
(2669, 'field', 'NUM', '50', '3'),
(2670, 'field', 'NUM', '3', '30'),
(2910, 'field', 'ANGLE', '90', '2'),
(2911, 'field', 'ANGLE', '2', '27'),
(2912, 'field', 'ANGLE', '27', '270'),
(2913, 'field', 'ANGLE', '270', '90'),
(2914, 'field', 'ANGLE', '90', '2'),
(2915, 'field', 'ANGLE', '2', '27'),
(2916, 'field', 'ANGLE', '27', '270'),
(2917, 'field', 'ANGLE', '90', '2'),
(2918, 'field', 'ANGLE', '2', '0'),
(2919, 'field', 'ANGLE', '0', '1'),
(2920, 'field', 'ANGLE', '1', '18'),
(2921, 'field', 'ANGLE', '18', '180'),
(2922, 'field', 'OP', 'LT', 'GT'),
(2923, 'field', 'NUM', '50', '2'),
(2924, 'field', 'NUM', '2', '20'),
(2925, 'field', 'NUM', '50', '2'),
(2926, 'field', 'NUM', '2', '20'),
(2927, 'field', 'OP', 'LT', 'GT'),
(2938, 'field', 'NUM', '50', '8'),
(2939, 'field', 'NUM', '8', '80'),
(2940, 'field', 'NUM', '50', '3'),
(2941, 'field', 'NUM', '3', '30'),
(2942, 'field', 'OP', 'LT', 'GT'),
(2943, 'field', 'NUM', '30', '2'),
(2944, 'field', 'NUM', '2', '20'),
(2951, 'field', 'ANGLE', '90', '75'),
(2952, 'field', 'ANGLE', '75', '60'),
(2953, 'field', 'ANGLE', '60', '45'),
(2954, 'field', 'ANGLE', '45', '30'),
(2955, 'field', 'ANGLE', '30', '315'),
(2956, 'field', 'ANGLE', '315', '225'),
(2957, 'field', 'ANGLE', '225', '180'),
(2958, 'field', 'ANGLE', '180', '165'),
(2959, 'field', 'ANGLE', '165', '15'),
(2960, 'field', 'ANGLE', '15', '0'),
(2961, 'field', 'ANGLE', '90', '75'),
(2962, 'field', 'ANGLE', '75', '60'),
(2963, 'field', 'ANGLE', '60', '45'),
(2964, 'field', 'ANGLE', '45', '30'),
(2965, 'field', 'ANGLE', '30', '15'),
(2966, 'field', 'ANGLE', '15', '0'),
(2967, 'field', 'ANGLE', '0', '330'),
(2968, 'field', 'ANGLE', '330', '315'),
(2969, 'field', 'ANGLE', '315', '300'),
(2970, 'field', 'ANGLE', '300', '285'),
(2971, 'field', 'ANGLE', '285', '270'),
(2972, 'field', 'ANGLE', '270', '255'),
(2973, 'field', 'ANGLE', '255', '270'),
(2984, 'field', 'XY', 'X', 'Y'),
(2985, 'field', 'OP', 'LT', 'GT'),
(2986, 'field', 'XY', 'Y', 'X'),
(2987, 'field', 'NUM', '50', '8'),
(2988, 'field', 'NUM', '8', '80'),
(3009, 'field', 'ANGLE', '90', '270'),
(3010, 'field', 'ANGLE', '270', '285'),
(3017, 'field', 'XY', 'X', 'Y'),
(3018, 'field', 'OP', 'LT', 'GT'),
(3019, 'field', 'NUM', '50', '1'),
(3020, 'field', 'NUM', '1', '10'),
(3021, 'field', 'NUM', '10', '100'),
(3996, 'field', 'ANGLE', '90', '75'),
(3997, 'field', 'ANGLE', '75', '60'),
(3998, 'field', 'ANGLE', '60', '45'),
(3999, 'field', 'ANGLE', '45', '30'),
(4000, 'field', 'ANGLE', '30', '15'),
(4001, 'field', 'ANGLE', '15', '0'),
(4002, 'field', 'ANGLE', '0', '345'),
(4003, 'field', 'ANGLE', '345', '330'),
(4004, 'field', 'ANGLE', '330', '285'),
(4005, 'field', 'ANGLE', '285', '270'),
(4006, 'field', 'ANGLE', '270', '255'),
(4007, 'field', 'ANGLE', '255', '270'),
(4008, 'field', 'NUM', '50', '1'),
(4009, 'field', 'NUM', '1', '10'),
(4010, 'field', 'NUM', '10', '100'),
(4011, 'field', 'XY', 'X', 'Y'),
(4012, 'field', 'OP', 'LT', 'GT');

-- --------------------------------------------------------

--
-- Table structure for table `ESTADO`
--

CREATE TABLE `ESTADO` (
  `id` tinyint UNSIGNED NOT NULL,
  `tipo` varchar(32) NOT NULL
) ENGINE=InnoDB DEFAULT CHARSET=utf8mb4 COLLATE=utf8mb4_0900_ai_ci;

--
-- Dumping data for table `ESTADO`
--

INSERT INTO `ESTADO` (`id`, `tipo`) VALUES
(4, 'ABANDONO'),
(3, 'COMPLETADO'),
(2, 'EN_PROCESO'),
(5, 'FALLADO'),
(1, 'PENDIENTE');

-- --------------------------------------------------------

--
-- Table structure for table `INTENTO`
--

CREATE TABLE `INTENTO` (
  `id` bigint UNSIGNED NOT NULL,
  `sesion_id` bigint UNSIGNED NOT NULL,
  `juego_id` smallint UNSIGNED NOT NULL,
  `nivel_id` int UNSIGNED NOT NULL,
  `estado_id` tinyint UNSIGNED DEFAULT NULL,
  `numero_bloques_total` int UNSIGNED NOT NULL DEFAULT '0',
  `duracion_ms` int UNSIGNED NOT NULL DEFAULT '0',
  `codigo_js` json DEFAULT NULL,
  `inicio_en` datetime NOT NULL DEFAULT CURRENT_TIMESTAMP,
  `fin_en` datetime DEFAULT NULL
) ENGINE=InnoDB DEFAULT CHARSET=utf8mb4 COLLATE=utf8mb4_0900_ai_ci;

--
-- Dumping data for table `INTENTO`
--

INSERT INTO `INTENTO` (`id`, `sesion_id`, `juego_id`, `nivel_id`, `estado_id`, `numero_bloques_total`, `duracion_ms`, `codigo_js`, `inicio_en`, `fin_en`) VALUES
(462, 109, 1, 1, 3, 2, 15000, '[\"avanzar()\", \"avanzar()\"]', '2025-11-26 05:22:33', '2025-11-26 05:22:48'),
(463, 109, 1, 2, 5, 3, 30000, '[\"avanzar()\", \"girarALaIzquierda()\", \"avanzar()\"]', '2025-11-26 05:22:56', '2025-11-26 05:23:26'),
(464, 109, 1, 2, 3, 5, 8000, '[\"avanzar()\", \"girarALaIzquierda()\", \"avanzar()\", \"girarALaDerecha()\", \"avanzar()\"]', '2025-11-26 05:23:41', '2025-11-26 05:23:49'),
(465, 109, 1, 3, 3, 2, 8000, '[\"while (notDone()) {\", \"avanzar()\", \"}\"]', '2025-11-26 05:23:54', '2025-11-26 05:24:02'),
(466, 109, 1, 4, 3, 5, 18000, '[\"while (notDone()) {\", \"avanzar()\", \"girarALaIzquierda()\", \"avanzar()\", \"girarALaDerecha()\", \"}\"]', '2025-11-26 05:24:06', '2025-11-26 05:24:24'),
(467, 110, 1, 5, 5, 2, 7000, '[\"avanzar()\", \"girarALaDerecha()\"]', '2025-11-26 05:24:35', '2025-11-26 05:24:42'),
(468, 110, 1, 5, 3, 5, 17000, '[\"avanzar()\", \"avanzar()\", \"girarALaIzquierda()\", \"while (notDone()) {\", \"avanzar()\", \"}\"]', '2025-11-26 05:24:51', '2025-11-26 05:25:08'),
(469, 110, 1, 6, 4, 1, 12000, '[\"moveForward(\'block_id_(n%)JhoTc/D3R8UQWn[2\');\"]', '2025-11-26 05:25:11', '2025-11-26 05:25:23'),
(470, 111, 1, 6, 5, 3, 12000, '[\"while (notDone()) {\", \"avanzar()\", \"if (isPathLeft()) {\", \"}\", \"}\"]', '2025-11-26 05:25:34', '2025-11-26 05:25:46'),
(471, 111, 1, 6, 3, 4, 46000, '[\"while (notDone()) {\", \"avanzar()\", \"if (isPathLeft()) {\", \"girarALaIzquierda()\", \"}\", \"}\"]', '2025-11-26 05:25:50', '2025-11-26 05:26:36'),
(472, 111, 1, 7, 5, 3, 20000, '[\"while (notDone()) {\", \"avanzar()\", \"if (isPathRight()) {\", \"}\", \"}\"]', '2025-11-26 05:26:42', '2025-11-26 05:27:02'),
(473, 111, 1, 7, 3, 4, 17000, '[\"while (notDone()) {\", \"avanzar()\", \"if (isPathRight()) {\", \"girarALaDerecha()\", \"}\", \"}\"]', '2025-11-26 05:27:03', '2025-11-26 05:27:20'),
(474, 112, 1, 8, 3, 6, 55000, '[\"while (notDone()) {\", \"avanzar()\", \"if (isPathLeft()) {\", \"girarALaIzquierda()\", \"}\", \"if (isPathRight()) {\", \"girarALaDerecha()\", \"}\", \"}\"]', '2025-11-26 05:27:31', '2025-11-26 05:28:26'),
(475, 112, 1, 9, 5, 3, 17000, '[\"if (isPathForward()) {\", \"avanzar()\", \"} else {\", \"girarALaIzquierda()\", \"}\"]', '2025-11-26 05:30:46', '2025-11-26 05:31:03'),
(476, 112, 1, 9, 5, 4, 5000, '[\"if (isPathForward()) {\", \"avanzar()\", \"} else {\", \"girarALaIzquierda()\", \"}\", \"if (isPathForward()) {\", \"}\"]', '2025-11-26 05:31:06', '2025-11-26 05:31:11'),
(477, 112, 1, 9, 3, 7, 72000, '[\"while (notDone()) {\", \"if (isPathForward()) {\", \"avanzar()\", \"} else {\", \"if (isPathLeft()) {\", \"girarALaIzquierda()\", \"} else {\", \"if (isPathRight()) {\", \"girarALaDerecha()\", \"}\", \"}\", \"}\", \"}\"]', '2025-11-26 05:31:18', '2025-11-26 05:32:30'),
(478, 112, 1, 10, 5, 6, 10000, '[\"avanzar()\", \"if (isPathForward()) {\", \"}\", \"if (isPathForward()) {\", \"while (notDone()) {\", \"girarALaDerecha()\", \"avanzar()\", \"}\", \"} else {\", \"}\"]', '2025-11-26 05:32:41', '2025-11-26 05:32:51'),
(479, 112, 1, 10, 5, 6, 2000, '[\"avanzar()\", \"if (isPathForward()) {\", \"}\", \"if (isPathForward()) {\", \"while (notDone()) {\", \"girarALaDerecha()\", \"avanzar()\", \"}\", \"} else {\", \"}\"]', '2025-11-26 05:32:57', '2025-11-26 05:32:59'),
(480, 112, 1, 10, 5, 6, 1000, '[\"avanzar()\", \"if (isPathForward()) {\", \"}\", \"if (isPathForward()) {\", \"while (notDone()) {\", \"girarALaDerecha()\", \"avanzar()\", \"}\", \"} else {\", \"}\"]', '2025-11-26 05:33:00', '2025-11-26 05:33:01'),
(481, 112, 1, 10, 5, 7, 3000, '[\"avanzar()\", \"if (isPathForward()) {\", \"}\", \"if (isPathForward()) {\", \"while (notDone()) {\", \"girarALaDerecha()\", \"if (isPathForward()) {\", \"}\", \"avanzar()\", \"}\", \"} else {\", \"}\"]', '2025-11-26 05:33:02', '2025-11-26 05:33:05'),
(482, 113, 1, 10, 3, 6, 150000, '[\"while (notDone()) {\", \"if (isPathLeft()) {\", \"girarALaIzquierda()\", \"}\", \"if (isPathForward()) {\", \"avanzar()\", \"} else {\", \"girarALaDerecha()\", \"}\", \"}\"]', '2025-11-26 05:33:19', '2025-11-26 05:35:49'),
(485, 118, 2, 11, 3, 1, 11000, '[\"heading(45, )\"]', '2025-11-26 07:05:02', '2025-11-26 07:05:13'),
(486, 118, 2, 12, 5, 3, 8000, '[\"if (noWorm()) {\", \"heading(90, )\", \"} else {\", \"}\"]', '2025-11-26 07:05:42', '2025-11-26 07:05:50'),
(487, 118, 2, 12, 3, 4, 53000, '[\"if (noWorm()) {\", \"heading(0, )\", \"} else {\", \"heading(90, )\", \"}\"]', '2025-11-26 07:05:54', '2025-11-26 07:06:47'),
(488, 118, 2, 13, 3, 4, 225000, '[\"if (noWorm()) {\", \"heading(300, )\", \"} else {\", \"heading(60, )\", \"}\"]', '2025-11-26 07:06:52', '2025-11-26 07:10:37'),
(489, 118, 2, 14, 3, 6, 33000, '[\"if (getX() < 80) {\", \"heading(0, )\", \"} else {\", \"heading(270, )\", \"}\"]', '2025-11-26 07:10:52', '2025-11-26 07:11:25'),
(490, 118, 2, 15, 5, 7, 9000, '[\"if (getX() < 50) {\", \"}\"]', '2025-11-26 07:11:28', '2025-11-26 07:11:37'),
(491, 118, 2, 15, 5, 7, 46000, '[\"heading(90, )\", \"getX() < 50\", \"getY() < 50\"]', '2025-11-26 07:11:39', '2025-11-26 07:12:25'),
(492, 118, 2, 15, 5, 7, 4000, '[\"heading(90, )\", \"getX() < 50\", \"getY() < 50\"]', '2025-11-26 07:12:28', '2025-11-26 07:12:32'),
(493, 118, 2, 15, 4, 7, 1000, '[\"heading(90, \'block_id_#Cb9g47(E{5K]h7?:h#u\');\", \"getX() < 50;\", \"getY() < 50;\"]', '2025-11-26 07:12:35', '2025-11-26 07:12:36'),
(494, 119, 2, 15, 3, 6, 65000, '[\"if (getY() > 20) {\", \"heading(270, )\", \"} else {\", \"heading(180, )\", \"}\"]', '2025-11-26 07:12:44', '2025-11-26 07:13:49'),
(495, 119, 2, 16, 3, 8, 101000, '[\"if (noWorm()) {\", \"heading(330, )\", \"} else if (getY() < 80) {\", \"heading(90, )\", \"} else {\", \"heading(180, )\", \"}\"]', '2025-11-26 07:13:54', '2025-11-26 07:15:35'),
(496, 119, 2, 17, 5, 11, 214000, '[\"if (getY() > 40) {\", \"heading(240, )\", \"} else if (false) {\", \"} else if (noWorm()) {\", \"heading(315, )\", \"}\"]', '2025-11-26 07:15:38', '2025-11-26 07:19:12'),
(497, 119, 2, 17, 5, 10, 41000, '[\"if (getY() > 40) {\", \"heading(240, )\", \"} else if (getX() < 80) {\", \"heading(315, )\", \"heading(180, )\", \"}\"]', '2025-11-26 07:19:30', '2025-11-26 07:20:11'),
(498, 119, 2, 17, 5, 9, 160000, '[\"if (noWorm()) {\", \"heading(225, )\", \"} else if (noWorm()) {\", \"heading(330, )\", \"} else if (getX() < 80) {\", \"heading(180, )\", \"}\"]', '2025-11-26 07:20:31', '2025-11-26 07:23:11'),
(499, 119, 2, 17, 3, 11, 27000, '[\"if (getY() > 40) {\", \"heading(225, )\", \"} else if (noWorm()) {\", \"heading(330, )\", \"} else if (getX() < 80) {\", \"heading(180, )\", \"}\"]', '2025-11-26 07:23:32', '2025-11-26 07:23:59'),
(500, 120, 2, 18, 5, 14, 308000, '[\"if (noWorm() && getY() < 40) {\", \"heading(45, )\", \"} else if (noWorm() && getX() < 80) {\", \"heading(330, )\", \"} else {\", \"}\"]', '2025-11-26 07:24:18', '2025-11-26 07:29:26'),
(501, 120, 2, 18, 5, 16, 72000, '[\"if (getY() > 40 && getY() < 40) {\", \"heading(45, )\", \"} else if (noWorm() && getX() < 80) {\", \"heading(330, )\", \"} else {\", \"}\"]', '2025-11-26 07:30:08', '2025-11-26 07:31:20'),
(502, 120, 2, 18, 5, 16, 15000, '[\"if (getY() > 40 && getY() < 40) {\", \"heading(45, )\", \"} else if (noWorm() && getX() > 40) {\", \"heading(330, )\", \"} else {\", \"}\"]', '2025-11-26 07:31:22', '2025-11-26 07:31:37'),
(503, 120, 2, 18, 5, 12, 18000, '[\"if (getY() < 40) {\", \"heading(45, )\", \"} else if (noWorm() && getX() > 40) {\", \"heading(330, )\", \"} else {\", \"}\"]', '2025-11-26 07:31:44', '2025-11-26 07:32:02'),
(504, 120, 2, 18, 5, 12, 3000, '[\"if (getY() < 40) {\", \"heading(45, )\", \"} else if (noWorm() && getX() > 80) {\", \"heading(330, )\", \"} else {\", \"}\"]', '2025-11-26 07:32:24', '2025-11-26 07:32:27'),
(505, 120, 2, 18, 5, 12, 4000, '[\"if (getY() < 80) {\", \"heading(45, )\", \"} else if (noWorm() && getX() > 80) {\", \"heading(330, )\", \"} else {\", \"}\"]', '2025-11-26 07:32:38', '2025-11-26 07:32:42'),
(506, 120, 2, 18, 5, 18, 187000, '[\"if (noWorm() && getX() > 20) {\", \"heading(180, )\", \"} else if (noWorm() && getY() > 20) {\", \"heading(270, )\", \"} else if (getY() < 70) {\", \"heading(90, )\", \"} else {\", \"heading(315, )\", \"}\"]', '2025-11-26 07:32:49', '2025-11-26 07:35:56'),
(507, 120, 2, 18, 5, 18, 4000, '[\"if (noWorm() && getX() > 20) {\", \"heading(180, )\", \"} else if (noWorm() && getY() > 20) {\", \"heading(270, )\", \"} else if (getY() < 70) {\", \"heading(90, )\", \"} else {\", \"heading(315, )\", \"}\"]', '2025-11-26 07:36:03', '2025-11-26 07:36:07'),
(508, 120, 2, 18, 5, 22, 22000, '[\"if (noWorm() && getX() > 20) {\", \"heading(180, )\", \"} else if (noWorm() && getY() > 20) {\", \"heading(270, )\", \"} else if (getY() < 70 && getX() < 40) {\", \"heading(90, )\", \"} else {\", \"heading(315, )\", \"}\"]', '2025-11-26 07:36:08', '2025-11-26 07:36:30'),
(509, 120, 2, 18, 3, 16, 111000, '[\"if (getY() < 40) {\", \"heading(90, )\", \"} else if (noWorm()) {\", \"heading(315, )\", \"} else if (getY() < 50 && getX() > 50) {\", \"heading(180, )\", \"} else {\", \"heading(60, )\", \"}\"]', '2025-11-26 07:37:00', '2025-11-26 07:38:51'),
(510, 120, 2, 19, 4, 1, 19000, '[\"if (false) {\", \"}\"]', '2025-11-26 07:38:55', '2025-11-26 07:39:14'),
(511, 121, 2, 19, 5, 4, 3000, '[\"if (getY() < 50) {\", \"}\"]', '2025-11-26 07:39:23', '2025-11-26 07:39:26'),
(512, 121, 2, 19, 5, 5, 2000, '[\"if (getY() < 50) {\", \"heading(90, )\", \"}\"]', '2025-11-26 07:39:28', '2025-11-26 07:39:30'),
(513, 121, 2, 19, 5, 6, 3000, '[\"if (getY() < 50) {\", \"heading(90, )\", \"}\"]', '2025-11-26 07:39:31', '2025-11-26 07:39:34'),
(514, 121, 2, 19, 5, 22, 113000, '[\"if (noWorm() && getX() > 20) {\", \"heading(180, )\", \"} else if (noWorm() && getY() > 20) {\", \"heading(270, )\", \"} else if (getX() < 70 && getX() < 40) {\", \"heading(90, )\", \"} else {\", \"heading(45, )\", \"}\"]', '2025-11-26 07:39:34', '2025-11-26 07:41:27'),
(515, 121, 2, 19, 5, 22, 4000, '[\"if (noWorm() && getX() > 20) {\", \"heading(180, )\", \"} else if (noWorm() && getY() > 20) {\", \"heading(270, )\", \"} else if (getX() < 70 && getX() < 40) {\", \"heading(90, )\", \"} else {\", \"heading(315, )\", \"}\"]', '2025-11-26 07:41:51', '2025-11-26 07:41:55'),
(516, 121, 2, 19, 3, 22, 22000, '[\"if (noWorm() && getX() > 20) {\", \"heading(180, )\", \"} else if (noWorm() && getY() > 20) {\", \"heading(270, )\", \"} else if (getY() < 70 && getX() < 40) {\", \"heading(90, )\", \"} else {\", \"heading(315, )\", \"}\"]', '2025-11-26 07:42:33', '2025-11-26 07:42:55'),
(517, 121, 2, 20, 5, 38, 213000, '[\"if (noWorm() && getY() < 80 && getX() < 30) {\", \"heading(90, )\", \"} else if (noWorm() && getX() < 80) {\", \"heading(0, )\", \"} else if (true && getY() > 50) {\", \"heading(270, )\", \"} else if (getY() < 80 && getX() > 20) {\", \"heading(90, )\", \"} else if (getX() > 20) {\", \"heading(180, )\", \"} else if (getY() > 20) {\", \"heading(270, )\", \"}\"]', '2025-11-26 07:42:58', '2025-11-26 07:46:31'),
(518, 121, 2, 20, 5, 39, 6000, '[\"if (noWorm() && getY() < 80 && getX() < 30) {\", \"heading(90, )\", \"} else if (noWorm() && getX() < 80) {\", \"heading(0, )\", \"} else if (true && getY() > 50) {\", \"heading(270, )\", \"} else if (getY() < 80 && getX() > 20) {\", \"heading(90, )\", \"} else if (getX() > 20) {\", \"heading(180, )\", \"} else if (getY() > 20) {\", \"heading(270, )\", \"}\"]', '2025-11-26 07:46:48', '2025-11-26 07:46:54'),
(519, 121, 2, 20, 5, 39, 1000, '[\"if (noWorm() && getY() < 80 && getX() < 30) {\", \"heading(90, )\", \"} else if (noWorm() && getX() < 80) {\", \"heading(0, )\", \"} else if (true && getY() > 50) {\", \"heading(270, )\", \"} else if (getY() < 80 && getX() > 20) {\", \"heading(90, )\", \"} else if (getX() > 20) {\", \"heading(180, )\", \"} else if (getY() > 20) {\", \"heading(270, )\", \"}\"]', '2025-11-26 07:46:54', '2025-11-26 07:46:55'),
(520, 121, 2, 20, 5, 39, 0, '[\"if (noWorm() && getY() < 80 && getX() < 30) {\", \"heading(90, )\", \"} else if (noWorm() && getX() < 80) {\", \"heading(0, )\", \"} else if (true && getY() > 50) {\", \"heading(270, )\", \"} else if (getY() < 80 && getX() > 20) {\", \"heading(90, )\", \"} else if (getX() > 20) {\", \"heading(180, )\", \"} else if (getY() > 20) {\", \"heading(270, )\", \"}\"]', '2025-11-26 07:46:56', '2025-11-26 07:46:56'),
(521, 121, 2, 20, 3, 39, 22000, '[\"if (noWorm() && getY() < 80 && getX() < 30) {\", \"heading(90, )\", \"} else if (noWorm() && getX() < 80) {\", \"heading(0, )\", \"} else if (noWorm() && getY() > 50) {\", \"heading(270, )\", \"} else if (getY() < 80 && getX() > 20) {\", \"heading(90, )\", \"} else if (getX() > 20) {\", \"heading(180, )\", \"} else if (getY() > 20) {\", \"heading(270, )\", \"}\"]', '2025-11-26 07:46:57', '2025-11-26 07:47:19'),
(527, 128, 1, 1, 3, 2, 3000, '[\"avanzar()\", \"avanzar()\"]', '2025-11-27 02:32:57', '2025-11-27 02:33:00'),
(528, 128, 1, 2, 3, 5, 3000, '[\"avanzar()\", \"girarALaIzquierda()\", \"avanzar()\", \"girarALaDerecha()\", \"avanzar()\"]', '2025-11-27 02:33:04', '2025-11-27 02:33:07'),
(529, 136, 2, 20, 4, 45, 158000, '[\"if (noWorm() && getY() < 80 && getX() < 30) {\", \"heading(90, \'block_id_d,]t3upA[RBi-XOt:z[e\');\", \"} else if (noWorm() && getX() < 80) {\", \"heading(0, \'block_id_vdsK)o74FWcmp;4)^0m:\');\", \"} else if (noWorm() && getY() > 50) {\", \"heading(270, \'block_id_(=gG[zlW+Z?DE?lX75fk\');\", \"} else if (getY() < 80 && getX() > 20) {\", \"heading(90, \'block_id_#*4Fpl%|p`}#+9hVXAaZ\');\", \"} else if (getX() > 20) {\", \"heading(180, \'block_id_s%pDgGTjR=wujWA63vId\');\", \"} else if (getY() > 20) {\", \"heading(270, \'block_id_zO[Vu9sr96]]1^nZW7I#\');\", \"} else if (getY() > 100 && noWorm()) {\", \"heading(285, \'block_id_Bla-E:uvI?c8wUw$iYAS\');\", \"} else {\", \"}\"]', '2025-11-27 03:57:08', '2025-11-27 03:59:46'),
(530, 138, 2, 20, 2, 0, 0, NULL, '2025-11-27 04:00:42', NULL),
(531, 140, 2, 20, 5, 10, 123000, '[\"if (false) {\", \"}\"]', '2025-11-27 04:05:48', '2025-11-27 04:07:51'),
(532, 140, 2, 20, 4, 10, 2000, '[\"if (false) {\", \"}\"]', '2025-11-27 04:07:52', '2025-11-27 04:07:54'),
(533, 143, 2, 20, 2, 0, 0, NULL, '2025-11-27 04:22:59', NULL),
(534, 143, 2, 20, 4, 48, 2000, '[\"if (noWorm() && getY() < 80 && getX() < 30) {\", \"heading(90, \'block_id_Brh]FOmObNf@q9Wo$3lT\');\", \"} else if (noWorm() && getX() < 80) {\", \"heading(0, \'block_id_x`fyS6u@M`YLOk|zRIEm\');\", \"} else if (noWorm() && getY() > 50) {\", \"heading(270, \'block_id_8vG_6:N)[f)+?v[`LoTH\');\", \"} else if (getY() < 80 && getX() > 20) {\", \"heading(90, \'block_id_b{Lj)aaHEzw9hZ^y]:f]\');\", \"} else if (getX() > 20) {\", \"heading(180, \'block_id_{=~d5s#Thx.ROcX2+05z\');\", \"} else if (getY() > 20) {\", \"heading(270, \'block_id_8+5u:[Wv#YLX(28{v.ZB\');\", \"}\"]', '2025-11-27 04:23:13', '2025-11-27 04:23:15'),
(535, 150, 1, 10, 2, 0, 0, NULL, '2025-11-28 23:44:38', NULL),
(536, 150, 1, 1, 5, 1, 540000, '[\"avanzar()\"]', '2025-11-28 23:44:44', '2025-11-28 23:53:44'),
(537, 150, 1, 1, 3, 2, 6000, '[\"avanzar()\", \"avanzar()\"]', '2025-11-28 23:54:07', '2025-11-28 23:54:13'),
(538, 150, 1, 2, 4, 5, 37000, '[\"moveForward(\'block_id_Ndu|h8+V#]?to8#j,ejC\');\", \"turnLeft(\'block_id_h8qN{#bh~@d04J|1Z@rH\');\", \"moveForward(\'block_id_Ge%3p#egwjv11KNJ:^%y\');\", \"turnRight(\'block_id_)vc#sgbBCAUCXiw/^5bi\');\", \"moveForward(\'block_id_lK:t%59u?-nc5yN.fJ4P\');\"]', '2025-11-28 23:55:02', '2025-11-28 23:55:39');

-- --------------------------------------------------------

--
-- Table structure for table `JUEGO`
--

CREATE TABLE `JUEGO` (
  `id` smallint UNSIGNED NOT NULL,
  `nombre` varchar(50) NOT NULL
) ENGINE=InnoDB DEFAULT CHARSET=utf8mb4 COLLATE=utf8mb4_0900_ai_ci;

--
-- Dumping data for table `JUEGO`
--

INSERT INTO `JUEGO` (`id`, `nombre`) VALUES
(2, 'bird'),
(1, 'maze');

-- --------------------------------------------------------

--
-- Table structure for table `MOVIMIENTO_BLOQUE`
--

CREATE TABLE `MOVIMIENTO_BLOQUE` (
  `accion_id` bigint UNSIGNED NOT NULL,
  `desde_x` int NOT NULL,
  `desde_y` int NOT NULL,
  `hasta_x` int NOT NULL,
  `hasta_y` int NOT NULL
) ENGINE=InnoDB DEFAULT CHARSET=utf8mb4 COLLATE=utf8mb4_0900_ai_ci;

--
-- Dumping data for table `MOVIMIENTO_BLOQUE`
--

INSERT INTO `MOVIMIENTO_BLOQUE` (`accion_id`, `desde_x`, `desde_y`, `hasta_x`, `hasta_y`) VALUES
(1137, -205, 8, 70, 96),
(1140, -205, 62, 70, 96),
(1143, -205, 8, 70, 122),
(1146, -205, 116, 70, 148),
(1149, -205, 8, 70, 174),
(1152, -206, 170, 10, 52),
(1153, 70, 70, 67, 79),
(1155, 10, 52, 125, 125),
(1157, -206, 170, 30, 50),
(1158, 70, 70, 88, 77),
(1161, -206, 62, 88, 103),
(1164, -206, 8, 88, 129),
(1167, -206, 116, 88, 155),
(1170, -207, 116, 70, 96),
(1173, 70, 70, 68, 84),
(1174, -207, 170, 11, 57),
(1176, 11, 57, 83, 172),
(1178, -207, 62, 86, 156),
(1179, 83, 172, 86, 182),
(1182, -207, 8, 96, 130),
(1183, 86, 156, 96, 156),
(1186, -207, 8, 101, 102),
(1187, 96, 130, 101, 128),
(1190, -268, 170, 0, 45),
(1191, 70, 70, 58, 72),
(1193, 0, 45, 113, 131),
(1195, -268, 255, 171, 184),
(1198, -268, 62, 229, 210),
(1201, -220, 170, 26, 61),
(1202, 70, 70, 83, 88),
(1204, 26, 61, 113, 145),
(1206, -220, 255, 171, 198),
(1210, -220, 116, 228, 224),
(1213, 70, 70, 90, 68),
(1214, -220, 170, 33, 41),
(1216, 33, 41, 158, 159),
(1218, -220, 255, 216, 212),
(1222, -220, 62, 274, 238),
(1225, -220, 255, 216, 277),
(1229, -220, 116, 274, 303),
(1232, -221, 343, 3, 58),
(1233, 70, 70, 61, 84),
(1236, -221, 62, 61, 123),
(1239, -30, 172, 0, 172),
(1240, -221, 255, -30, 172),
(1241, 0, 172, 38, 195),
(1243, 70, 70, 65, 75),
(1244, -221, 170, 7, 48),
(1246, 7, 48, 148, 149),
(1248, -221, 343, 206, 202),
(1252, 206, 176, 206, 176),
(1256, 206, 176, 1015, 909),
(1259, -221, 343, 206, 176),
(1262, -221, 8, 264, 202),
(1265, -221, 343, 264, 241),
(1269, -221, 62, 321, 267),
(1272, -221, 255, 321, 306),
(1276, -221, 116, 379, 332),
(1279, -222, 255, 70, 96),
(1282, -222, 343, 46, 117),
(1284, -222, 170, 104, 143),
(1287, -222, 116, 161, 170),
(1290, -222, 8, 161, 196),
(1294, -222, 255, 156, 205),
(1295, 156, 205, 161, 196),
(1296, 161, 196, 161, 256),
(1301, -222, 170, 28, 56),
(1302, 70, 70, 86, 83),
(1304, 28, 56, 238, 264),
(1306, 238, 264, 1056, 928),
(1308, -222, 170, 62, 120),
(1310, -222, 255, 120, 147),
(1314, -222, 62, 177, 173),
(1317, -222, 255, -246, 257),
(1320, -222, 343, 120, 212),
(1323, -222, 8, 177, 238),
(1326, -222, 116, 177, 277),
(1335, -154, 8, 128, 96),
(1338, -162, 62, 150, 70),
(1342, -154, 8, 128, 135),
(1345, -154, 8, 128, 96),
(1348, -162, 62, 150, 70),
(1351, -154, 8, 128, 135),
(1364, -203, 112, 150, 70),
(1367, -195, 8, 128, 107),
(1375, -195, 8, 128, 146),
(1389, -189, 112, 150, 70),
(1394, -189, 173, 138, 109),
(1395, 138, 109, 607, 485),
(1407, -189, 173, 150, 70),
(1413, -181, 8, 128, 107),
(1427, -181, 8, 128, 146),
(1439, -189, 62, 150, 70),
(1442, -181, 8, 128, 96),
(1468, -189, 173, 150, 124),
(1473, -181, 8, 128, 161),
(1477, 150, 124, 150, 124),
(1478, 128, 161, 128, 161),
(1481, 150, 124, 150, 124),
(1482, 128, 161, 128, 161),
(1485, 150, 124, 150, 124),
(1486, 128, 161, 128, 161),
(1489, 150, 124, 150, 124),
(1490, 128, 161, 128, 161),
(1493, 150, 124, 150, 124),
(1494, 128, 161, 128, 161),
(1516, 150, 124, 150, 124),
(1518, 128, 161, 128, 161),
(1524, 150, 124, 150, 124),
(1526, 128, 161, 128, 161),
(1532, -181, 8, 128, 200),
(1540, -189, 62, 150, 70),
(1544, 150, 70, 150, 119),
(1549, -189, 173, 150, 70),
(1555, -181, 8, 128, 107),
(1575, 150, 135, 88, 26),
(1579, -189, 112, 150, 135),
(1584, -181, 8, 128, 172),
(1604, -181, 8, -180, 15),
(1608, 128, 172, 128, 172),
(1609, 150, 135, 150, 135),
(1612, 150, 135, 150, 135),
(1613, 128, 172, 128, 172),
(1616, 150, 135, 150, 135),
(1617, 128, 172, 128, 172),
(1620, 150, 135, 150, 135),
(1621, 128, 172, 128, 172),
(1624, 150, 135, 150, 135),
(1625, 128, 172, 128, 172),
(1648, 150, 135, 150, 135),
(1649, 128, 172, 128, 172),
(1655, 150, 135, 150, 135),
(1656, 128, 172, 128, 172),
(1663, -189, 62, 147, 201),
(1664, 147, 201, 627, 478),
(1668, 150, 135, 150, 135),
(1669, 128, 172, 128, 172),
(1676, 150, 135, 150, 135),
(1677, 128, 172, 128, 172),
(1683, 577, 8, 309, 53),
(1684, 150, 135, 150, 135),
(1687, 128, 172, 128, 172),
(1692, 150, 135, 150, 135),
(1693, 128, 172, 128, 172),
(1698, 150, 135, 150, 135),
(1699, 128, 172, 128, 172),
(1710, 150, 135, 150, 135),
(1711, 128, 172, 128, 172),
(1718, 150, 135, 150, 184),
(1719, 128, 172, 128, 221),
(1722, 150, 184, 150, 184),
(1723, 128, 221, 128, 221),
(1726, 150, 184, 150, 184),
(1727, 128, 221, 128, 221),
(1730, 150, 184, 150, 184),
(1731, 128, 221, 128, 221),
(1748, 309, 53, 595, 487),
(1750, 88, 26, 614, 467),
(1751, 614, 467, 596, 467),
(1753, -189, 62, 170, 194),
(1755, 170, 194, 150, 184),
(1758, 150, 184, 186, 220),
(1762, 299, 226, 650, 479),
(1764, 186, 220, 575, 474),
(1766, 150, 184, 150, 184),
(1767, 128, 210, 128, 210),
(1771, 150, 184, 150, 184),
(1772, 128, 210, 128, 210),
(1775, 150, 184, 150, 184),
(1776, 128, 210, 128, 210),
(1779, 150, 184, 150, 184),
(1780, 128, 210, 128, 210),
(1783, 150, 184, 150, 184),
(1784, 128, 210, 128, 210),
(1787, 150, 184, 150, 184),
(1788, 128, 210, 128, 210),
(1791, 150, 184, 150, 184),
(1792, 128, 210, 128, 210),
(1825, 128, 210, 128, 210),
(1826, 150, 184, 150, 184),
(1833, 150, 184, 43, 340),
(1834, 128, 210, 128, 161),
(1836, 43, 340, 589, 476),
(1838, 599, 471, 596, 471),
(1839, 596, 467, 599, 471),
(1840, 600, 478, 596, 478),
(1841, 596, 471, 600, 478),
(1843, 596, 478, 563, 480),
(1847, -189, 112, 150, 135),
(1852, -181, 8, 128, 198),
(1863, 150, 135, 150, 135),
(1865, 128, 172, 128, 172),
(1868, 150, 135, 150, 135),
(1869, 128, 172, 128, 172),
(1872, 150, 135, 150, 135),
(1873, 128, 172, 128, 172),
(1876, 150, 135, 150, 135),
(1877, 128, 172, 128, 172),
(1880, 150, 135, 150, 135),
(1881, 128, 172, 128, 172),
(1904, 167, 76, 167, 76),
(1909, 150, 70, 634, 486),
(1913, 128, 96, 631, 476),
(1917, 150, 119, 640, 480),
(1920, 128, 171, 655, 467),
(1921, 655, 467, 626, 467),
(1924, 128, 145, 626, 493),
(1927, 626, 467, 630, 482),
(1928, 70, 70, 83, 116),
(1930, -189, 62, 163, 116),
(1935, -189, 112, -191, 116),
(1938, -181, 8, 141, 142),
(1954, -189, 62, 163, 170),
(1957, -181, 8, 141, 196),
(1976, -189, 112, 163, 224),
(1981, -181, 8, 141, 261),
(1997, 163, 116, 586, 478),
(2001, -189, 173, 163, 116),
(2009, -189, 173, 150, 70),
(2014, -181, 8, 128, 107),
(2023, -189, 62, 150, 135),
(2026, -181, 8, 128, 161),
(2036, 150, 135, 150, 135),
(2038, 128, 161, 128, 161),
(2042, 150, 135, 150, 135),
(2043, 128, 161, 128, 161),
(2046, 150, 135, 150, 135),
(2047, 128, 161, 128, 161),
(2050, 150, 135, 150, 135),
(2051, 128, 161, 128, 161),
(2054, 150, 135, 150, 135),
(2055, 128, 161, 128, 161),
(2076, 150, 135, 150, 135),
(2079, 128, 161, 128, 161),
(2084, 150, 135, 150, 135),
(2086, 128, 161, 128, 161),
(2096, 150, 135, 150, 135),
(2097, 128, 161, 128, 161),
(2103, 150, 135, 150, 135),
(2105, 128, 161, 128, 161),
(2111, 128, 161, 128, 161),
(2113, 150, 135, 150, 135),
(2120, 150, 135, 150, 135),
(2121, 128, 161, 128, 161),
(2135, 150, 70, 215, 184),
(2139, 150, 124, 167, 184),
(2147, 128, 172, 156, 180),
(2148, 156, 180, 128, 157),
(2155, -189, 62, 167, 152),
(2160, -189, 112, 326, 152),
(2166, 128, 228, 128, 194),
(2170, 167, 152, 624, 475),
(2174, 167, 76, 167, 152),
(2179, -189, 173, 167, 76),
(2193, 363, 76, 236, 21),
(2196, 150, 70, 650, 466),
(2198, 236, 21, 150, 70),
(2210, 150, 70, 180, 100),
(2211, 180, 100, 195, 107),
(2216, 195, 107, 167, 76),
(2221, -189, 173, 363, 76),
(2225, 167, 76, 581, 460),
(2230, 215, 76, 587, 478),
(2232, -189, 62, 167, 76),
(2237, -189, 112, 326, 76),
(2317, 128, 194, 128, 194),
(2319, 128, 194, 128, 194),
(2323, 128, 194, 128, 194),
(2327, 128, 194, 128, 194),
(2331, 128, 194, 128, 194),
(2335, 128, 194, 128, 194),
(2339, 128, 194, 128, 194),
(2369, 128, 194, 128, 194),
(2379, 128, 194, 128, 194),
(2383, 128, 194, 128, 194),
(2387, 128, 194, 128, 194),
(2391, 128, 194, 128, 194),
(2411, -189, 173, 150, 222),
(2416, -181, 8, 128, 259),
(2419, -181, 8, 128, 298),
(2424, 190, 335, 635, 454),
(2432, 150, 222, 198, 259),
(2433, 198, 259, 167, 228),
(2438, -189, 112, 363, 228),
(2442, 139, -11, 139, 0),
(2443, 70, 70, 139, -11),
(2444, 139, 0, 136, 67),
(2447, 233, 225, 219, 63),
(2449, 219, 63, 216, 67),
(2453, 250, 96, 540, 474),
(2459, 194, 256, 206, 88),
(2460, 194, 104, 194, 130),
(2462, 206, 88, 194, 104),
(2469, 194, 130, 638, 498),
(2474, -189, 62, 216, 132),
(2478, 194, 268, 214, 154),
(2480, 214, 154, 194, 158),
(2481, 194, 158, 194, 184),
(2487, 194, 184, 630, 472),
(2495, -189, 173, 233, 192),
(2498, -181, 8, 194, 234),
(2507, -181, 8, 194, 273),
(2522, 268, 341, 612, 461),
(2525, 251, 335, 643, 452),
(2529, -189, 173, 150, 70),
(2532, -181, 8, 128, 107),
(2538, 150, 70, 583, 459),
(2543, 128, 96, 656, 479),
(2553, -181, 8, 128, 106),
(2561, -181, 8, 128, 170),
(2577, -181, 8, 128, 234),
(2580, -181, 8, 128, 273),
(2598, -189, 62, 167, 76),
(2601, -189, 62, 167, 141),
(2606, -189, 112, 326, 76),
(2611, -189, 112, 326, 152),
(2616, -189, 112, 167, 228),
(2621, -189, 112, 363, 228),
(2654, -189, 62, 167, 76),
(2659, -189, 173, 343, 82),
(2666, 70, 70, 68, 70),
(2667, -189, 112, 537, 82),
(2672, -181, 8, 125, 129),
(2686, -189, 112, 147, 334),
(2695, 147, 334, 147, 334),
(2703, 147, 334, 147, 334),
(2711, 147, 334, 147, 334),
(2719, 147, 334, 147, 334),
(2727, 147, 334, 147, 334),
(2735, 147, 334, 147, 334),
(2743, 147, 334, 147, 334),
(2751, 147, 334, 147, 334),
(2759, 147, 334, 147, 334),
(2767, 147, 334, 147, 334),
(2775, 147, 334, 147, 334),
(2871, 147, 334, 147, 334),
(2879, 147, 334, 147, 334),
(2899, -189, 173, 147, 394),
(2902, -181, 8, 125, 311),
(2905, -181, 8, 125, 376),
(2908, -181, 8, 125, 441),
(2931, -189, 173, 164, 281),
(2936, -189, 112, 361, 281),
(2946, -181, 8, 125, 252),
(2949, -181, 8, 125, 193),
(2977, -189, 173, 212, 163),
(2982, -189, 112, 212, 239),
(2990, -189, 62, 164, 163),
(2993, -189, 62, 164, 239),
(2997, 164, 239, 626, 487),
(3000, -189, 62, 494, 426),
(3002, -189, 62, 164, 239),
(3004, 494, 426, 581, 483),
(3006, 10, 10, 34, 16),
(3008, -181, 8, 571, 152),
(3012, -189, 62, 558, 204),
(3016, -189, 112, 542, 322),
(3025, 542, 322, 492, 260),
(3027, 558, 204, 585, 260),
(3041, 92, 151, 92, 151),
(3043, 92, 227, 92, 227),
(3045, 92, 303, 92, 303),
(3046, 114, 331, 114, 331),
(3047, 92, 368, 92, 368),
(3048, 114, 396, 114, 396),
(3049, 92, 433, 92, 433),
(3061, 92, 151, 92, 151),
(3063, 92, 227, 92, 227),
(3065, 92, 303, 92, 303),
(3066, 114, 331, 114, 331),
(3067, 92, 368, 92, 368),
(3068, 114, 396, 114, 396),
(3069, 92, 433, 92, 433),
(3081, 92, 151, 92, 151),
(3083, 92, 227, 92, 227),
(3085, 92, 303, 92, 303),
(3086, 114, 331, 114, 331),
(3087, 92, 368, 92, 368),
(3088, 114, 396, 114, 396),
(3089, 92, 433, 92, 433),
(3101, 92, 151, 92, 151),
(3103, 92, 227, 92, 227),
(3105, 92, 303, 92, 303),
(3106, 114, 331, 114, 331),
(3107, 92, 368, 92, 368),
(3108, 114, 396, 114, 396),
(3109, 92, 433, 92, 433),
(3121, 92, 151, 92, 151),
(3123, 92, 227, 92, 227),
(3125, 92, 303, 92, 303),
(3126, 114, 331, 114, 331),
(3127, 92, 368, 92, 368),
(3128, 114, 396, 114, 396),
(3129, 92, 433, 92, 433),
(3141, 92, 151, 92, 151),
(3143, 92, 227, 92, 227),
(3145, 92, 303, 92, 303),
(3146, 114, 331, 114, 331),
(3147, 92, 368, 92, 368),
(3148, 114, 396, 114, 396),
(3149, 92, 433, 92, 433),
(3161, 92, 151, 92, 151),
(3163, 92, 227, 92, 227),
(3165, 92, 303, 92, 303),
(3166, 114, 331, 114, 331),
(3167, 92, 368, 92, 368),
(3168, 114, 396, 114, 396),
(3169, 92, 433, 92, 433),
(3181, 92, 151, 92, 151),
(3183, 92, 227, 92, 227),
(3185, 92, 303, 92, 303),
(3186, 114, 331, 114, 331),
(3187, 92, 368, 92, 368),
(3188, 114, 396, 114, 396),
(3189, 92, 433, 92, 433),
(3201, 92, 151, 92, 151),
(3203, 92, 227, 92, 227),
(3205, 92, 303, 92, 303),
(3206, 114, 331, 114, 331),
(3207, 92, 368, 92, 368),
(3208, 114, 396, 114, 396),
(3209, 92, 433, 92, 433),
(3221, 92, 151, 92, 151),
(3223, 92, 227, 92, 227),
(3225, 92, 303, 92, 303),
(3226, 114, 331, 114, 331),
(3227, 92, 368, 92, 368),
(3228, 114, 396, 114, 396),
(3229, 92, 433, 92, 433),
(3241, 92, 151, 92, 151),
(3243, 92, 227, 92, 227),
(3245, 92, 303, 92, 303),
(3246, 114, 331, 114, 331),
(3247, 92, 368, 92, 368),
(3248, 114, 396, 114, 396),
(3249, 92, 433, 92, 433),
(3261, 92, 151, 92, 151),
(3263, 92, 227, 92, 227),
(3265, 92, 303, 92, 303),
(3266, 114, 331, 114, 331),
(3267, 92, 368, 92, 368),
(3268, 114, 396, 114, 396),
(3269, 92, 433, 92, 433),
(3281, 92, 151, 92, 151),
(3283, 92, 227, 92, 227),
(3284, 92, 303, 92, 303),
(3286, 92, 368, 92, 368),
(3287, 114, 331, 114, 331),
(3288, 114, 396, 114, 396),
(3289, 92, 433, 92, 433),
(3370, 92, 151, 92, 151),
(3372, 92, 227, 92, 227),
(3373, 92, 303, 92, 303),
(3375, 114, 331, 114, 331),
(3376, 92, 368, 92, 368),
(3377, 114, 396, 114, 396),
(3378, 92, 433, 92, 433),
(3426, 92, 151, 92, 151),
(3428, 92, 227, 92, 227),
(3430, 92, 303, 92, 303),
(3431, 114, 331, 114, 331),
(3432, 92, 368, 92, 368),
(3433, 114, 396, 114, 396),
(3434, 92, 433, 92, 433),
(3494, 92, 151, 92, 151),
(3496, 92, 227, 92, 227),
(3498, 92, 303, 92, 303),
(3499, 114, 331, 114, 331),
(3500, 92, 368, 92, 368),
(3501, 114, 396, 114, 396),
(3502, 92, 433, 92, 433),
(3570, 92, 151, 92, 135),
(3572, 92, 227, 92, 211),
(3574, 92, 303, 92, 287),
(3575, 114, 331, 114, 315),
(3576, 92, 368, 92, 352),
(3577, 114, 396, 114, 380),
(3578, 92, 433, 92, 417),
(3590, 92, 151, 92, 135),
(3592, 92, 227, 92, 211),
(3594, 92, 303, 92, 287),
(3595, 114, 331, 114, 315),
(3596, 92, 368, 92, 352),
(3597, 114, 396, 114, 380),
(3598, 92, 433, 92, 417),
(3610, 92, 151, 92, 135),
(3612, 92, 227, 92, 211),
(3614, 92, 303, 92, 287),
(3615, 114, 331, 114, 315),
(3616, 92, 368, 92, 352),
(3617, 114, 396, 114, 380),
(3618, 92, 433, 92, 417),
(3630, 92, 151, 92, 135),
(3632, 92, 227, 92, 211),
(3634, 92, 303, 92, 287),
(3635, 114, 331, 114, 315),
(3636, 92, 368, 92, 352),
(3637, 114, 396, 114, 380),
(3638, 92, 433, 92, 417),
(3644, 34, 16, 34, 0),
(3714, 381, 304, 114, 445),
(3783, 114, 445, 142, 474),
(3784, 142, 474, 163, 487),
(3842, 163, 487, 131, 451),
(3846, 571, 152, 92, 493),
(3848, 10, 10, 651, 421),
(3851, -181, 8, 136, 37),
(3853, -189, 62, 134, 112),
(3857, -189, 112, 120, 187),
(3861, -189, 173, 130, 257),
(3873, 134, 112, 174, 132),
(3874, 120, 187, 182, 210),
(3875, 130, 257, 176, 282),
(3876, 49, 8, 81, 45),
(3878, 81, 45, 68, 45),
(3908, 61, 250, 61, 83),
(3909, 68, 45, 61, 250),
(3910, 61, 83, 112, 114),
(3911, 112, 114, 68, 83),
(3912, 68, 83, 67, 15),
(3913, 67, 15, 106, 40),
(3914, 174, 132, 216, 158),
(3915, 182, 210, 233, 237),
(3916, 176, 282, 231, 313),
(3917, 106, 40, 140, 55),
(3918, 140, 55, 68, 55),
(3919, 68, 55, 641, 429),
(3921, 33, 449, 33, 83),
(3922, 10, 10, 33, 449),
(3923, 44, 290, 44, 83),
(3924, 33, 83, 44, 290),
(3925, 355, 38, 68, 38),
(3926, 44, 83, 355, 38),
(3929, 147, 38, 566, 461),
(3933, 125, 64, 651, 467),
(3937, 147, 87, 640, 458),
(3946, 164, 201, 665, 466),
(3948, 372, 480, 632, 478),
(3952, 147, 195, 668, 482),
(3955, 147, 249, 668, 485),
(3959, 125, 275, 618, 471),
(3963, 147, 298, 618, 489),
(3968, 125, 324, 659, 469),
(3972, 125, 221, 648, 476),
(3976, 125, 167, 635, 465),
(3979, 125, 113, 640, 481),
(3981, 68, 38, 69, 85),
(3983, -181, 8, 313, 119),
(3985, -189, 62, 333, 173),
(3989, -189, 112, 297, 244),
(3993, -189, 173, 299, 301),
(4013, 297, 244, 142, 386),
(4015, 299, 301, 346, 386),
(4019, -189, 173, 435, 388),
(4022, -189, 112, 531, 249),
(4026, -189, 62, 574, 103),
(4028, -181, 8, 590, 218),
(4031, 10, 37, 546, 414),
(4034, -195, 8, 10, 37);

-- --------------------------------------------------------

--
-- Table structure for table `NIVEL`
--

CREATE TABLE `NIVEL` (
  `id` int UNSIGNED NOT NULL,
  `juego_id` smallint UNSIGNED NOT NULL,
  `numero` int UNSIGNED NOT NULL
) ENGINE=InnoDB DEFAULT CHARSET=utf8mb4 COLLATE=utf8mb4_0900_ai_ci;

--
-- Dumping data for table `NIVEL`
--

INSERT INTO `NIVEL` (`id`, `juego_id`, `numero`) VALUES
(1, 1, 1),
(2, 1, 2),
(3, 1, 3),
(4, 1, 4),
(5, 1, 5),
(6, 1, 6),
(7, 1, 7),
(8, 1, 8),
(9, 1, 9),
(10, 1, 10),
(11, 2, 1),
(12, 2, 2),
(13, 2, 3),
(14, 2, 4),
(15, 2, 5),
(16, 2, 6),
(17, 2, 7),
(18, 2, 8),
(19, 2, 9),
(20, 2, 10);

-- --------------------------------------------------------

--
-- Table structure for table `PROGRESO`
--

CREATE TABLE `PROGRESO` (
  `id` bigint UNSIGNED NOT NULL,
  `usuario_id` bigint UNSIGNED NOT NULL,
  `juego_id` smallint UNSIGNED NOT NULL,
  `nivel_id` int UNSIGNED NOT NULL,
  `estado_id` tinyint UNSIGNED DEFAULT NULL,
  `reinicios` int UNSIGNED NOT NULL DEFAULT '0',
  `intentos` int UNSIGNED NOT NULL DEFAULT '0',
  `segundos_totales` int UNSIGNED NOT NULL DEFAULT '0'
) ENGINE=InnoDB DEFAULT CHARSET=utf8mb4 COLLATE=utf8mb4_0900_ai_ci;

--
-- Dumping data for table `PROGRESO`
--

INSERT INTO `PROGRESO` (`id`, `usuario_id`, `juego_id`, `nivel_id`, `estado_id`, `reinicios`, `intentos`, `segundos_totales`) VALUES
(442, 29, 1, 1, 3, 1, 3, 561),
(443, 29, 1, 2, 4, 1, 3, 75),
(444, 29, 1, 3, 3, 0, 1, 8),
(445, 29, 1, 4, 3, 0, 1, 18),
(446, 29, 1, 5, 3, 1, 2, 24),
(447, 29, 1, 6, 3, 1, 3, 70),
(448, 29, 1, 7, 3, 1, 2, 37),
(449, 29, 1, 8, 3, 0, 1, 55),
(450, 29, 1, 9, 3, 2, 3, 94),
(451, 29, 1, 10, 2, 4, 8, 168),
(452, 29, 2, 11, 3, 0, 1, 11),
(453, 29, 2, 12, 3, 1, 2, 61),
(454, 29, 2, 13, 3, 0, 1, 225),
(455, 29, 2, 14, 3, 0, 1, 33),
(456, 29, 2, 15, 3, 3, 5, 125),
(457, 29, 2, 16, 3, 0, 1, 101),
(458, 29, 2, 17, 3, 3, 4, 442),
(459, 29, 2, 18, 3, 9, 10, 744),
(460, 29, 2, 19, 3, 5, 7, 166),
(461, 29, 2, 20, 4, 5, 14, 527),
(462, 30, 1, 1, 3, 0, 1, 3),
(463, 30, 1, 2, 3, 0, 1, 3),
(464, 30, 1, 3, 1, 0, 0, 0),
(465, 30, 1, 4, 1, 0, 0, 0),
(466, 30, 1, 5, 1, 0, 0, 0),
(467, 30, 1, 6, 1, 0, 0, 0),
(468, 30, 1, 7, 1, 0, 0, 0),
(469, 30, 1, 8, 1, 0, 0, 0),
(470, 30, 1, 9, 1, 0, 0, 0),
(471, 30, 1, 10, 1, 0, 0, 0),
(472, 30, 2, 11, 1, 0, 0, 0),
(473, 30, 2, 12, 1, 0, 0, 0),
(474, 30, 2, 13, 1, 0, 0, 0),
(475, 30, 2, 14, 1, 0, 0, 0),
(476, 30, 2, 15, 1, 0, 0, 0),
(477, 30, 2, 16, 1, 0, 0, 0),
(478, 30, 2, 17, 1, 0, 0, 0),
(479, 30, 2, 18, 1, 0, 0, 0),
(480, 30, 2, 19, 1, 0, 0, 0),
(481, 30, 2, 20, 1, 0, 0, 0);

-- --------------------------------------------------------

--
-- Table structure for table `ROL`
--

CREATE TABLE `ROL` (
  `id` int UNSIGNED NOT NULL,
  `tipo` varchar(64) NOT NULL
) ENGINE=InnoDB DEFAULT CHARSET=utf8mb4 COLLATE=utf8mb4_0900_ai_ci;

--
-- Dumping data for table `ROL`
--

INSERT INTO `ROL` (`id`, `tipo`) VALUES
(2, 'investigador'),
(1, 'jugador');

-- --------------------------------------------------------

--
-- Table structure for table `SESION`
--

CREATE TABLE `SESION` (
  `id` bigint UNSIGNED NOT NULL,
  `usuario_id` bigint UNSIGNED NOT NULL,
  `inicio_en` datetime NOT NULL,
  `fin_en` datetime DEFAULT NULL,
  `ultimo_ping` datetime DEFAULT NULL,
  `segundos_totales` int UNSIGNED DEFAULT '0',
  `creado_en` timestamp NOT NULL DEFAULT CURRENT_TIMESTAMP
) ENGINE=InnoDB DEFAULT CHARSET=utf8mb4 COLLATE=utf8mb4_0900_ai_ci;

--
-- Dumping data for table `SESION`
--

INSERT INTO `SESION` (`id`, `usuario_id`, `inicio_en`, `fin_en`, `ultimo_ping`, `segundos_totales`, `creado_en`) VALUES
(74, 7, '2025-11-20 22:32:42', '2025-11-20 22:37:07', '2025-11-20 22:34:53', 265, '2025-11-20 22:32:42'),
(75, 7, '2025-11-20 22:38:48', NULL, '2025-11-20 22:38:49', 0, '2025-11-20 22:38:48'),
(76, 7, '2025-11-20 22:38:55', '2025-11-20 22:43:45', '2025-11-20 22:38:57', 290, '2025-11-20 22:38:55'),
(77, 7, '2025-11-20 22:43:52', '2025-11-20 23:05:35', '2025-11-20 22:44:04', 1303, '2025-11-20 22:43:52'),
(79, 7, '2025-11-21 03:18:34', '2025-11-21 03:53:12', '2025-11-21 03:19:05', 2078, '2025-11-21 03:18:34'),
(82, 7, '2025-11-25 06:01:19', NULL, '2025-11-25 06:03:16', 0, '2025-11-25 06:01:19'),
(84, 7, '2025-11-26 00:06:57', NULL, '2025-11-26 00:07:46', 0, '2025-11-26 00:06:57'),
(86, 7, '2025-11-26 00:13:59', NULL, '2025-11-26 00:17:23', 0, '2025-11-26 00:13:59'),
(87, 7, '2025-11-26 00:17:45', NULL, '2025-11-26 00:17:48', 0, '2025-11-26 00:17:45'),
(89, 7, '2025-11-26 00:28:00', NULL, '2025-11-26 00:28:32', 0, '2025-11-26 00:28:00'),
(91, 7, '2025-11-26 00:44:45', '2025-11-26 00:48:29', '2025-11-26 00:45:00', 224, '2025-11-26 00:44:45'),
(109, 29, '2025-11-26 05:22:21', '2025-11-26 05:24:29', '2025-11-26 05:24:24', 128, '2025-11-26 05:22:21'),
(110, 29, '2025-11-26 05:24:32', '2025-11-26 05:25:24', '2025-11-26 05:25:23', 52, '2025-11-26 05:24:32'),
(111, 29, '2025-11-26 05:25:28', '2025-11-26 05:27:25', '2025-11-26 05:27:20', 117, '2025-11-26 05:25:28'),
(112, 29, '2025-11-26 05:27:28', '2025-11-26 05:33:12', '2025-11-26 05:33:05', 344, '2025-11-26 05:27:28'),
(113, 29, '2025-11-26 05:33:16', '2025-11-26 05:36:14', '2025-11-26 05:35:49', 178, '2025-11-26 05:33:16'),
(114, 7, '2025-11-26 05:36:45', NULL, '2025-11-26 05:36:50', 0, '2025-11-26 05:36:45'),
(115, 7, '2025-11-26 05:40:53', NULL, '2025-11-26 05:44:04', 0, '2025-11-26 05:40:53'),
(116, 29, '2025-11-26 05:51:13', '2025-11-26 07:03:16', '2025-11-26 07:03:13', 4323, '2025-11-26 05:51:13'),
(117, 7, '2025-11-26 07:04:36', NULL, '2025-11-26 07:04:51', 0, '2025-11-26 07:04:36'),
(118, 29, '2025-11-26 07:04:59', '2025-11-26 07:12:39', '2025-11-26 07:12:36', 460, '2025-11-26 07:04:59'),
(119, 29, '2025-11-26 07:12:41', '2025-11-26 07:24:02', '2025-11-26 07:23:59', 681, '2025-11-26 07:12:41'),
(120, 29, '2025-11-26 07:24:15', '2025-11-26 07:39:17', '2025-11-26 07:39:14', 902, '2025-11-26 07:24:15'),
(121, 29, '2025-11-26 07:39:20', '2025-11-26 07:47:22', '2025-11-26 07:47:19', 482, '2025-11-26 07:39:20'),
(122, 7, '2025-11-26 07:47:30', NULL, '2025-11-26 07:48:43', 0, '2025-11-26 07:47:30'),
(123, 29, '2025-11-27 02:21:23', '2025-11-27 02:21:33', '2025-11-27 02:21:23', 10, '2025-11-27 02:21:23'),
(124, 29, '2025-11-27 02:21:40', '2025-11-27 02:23:13', '2025-11-27 02:23:11', 93, '2025-11-27 02:21:40'),
(125, 7, '2025-11-27 02:23:24', NULL, '2025-11-27 02:23:24', 0, '2025-11-27 02:23:24'),
(126, 7, '2025-11-27 02:25:05', '2025-11-27 02:28:21', '2025-11-27 02:25:24', 196, '2025-11-27 02:25:05'),
(127, 7, '2025-11-27 02:28:50', NULL, '2025-11-27 02:32:45', 0, '2025-11-27 02:28:50'),
(128, 30, '2025-11-27 02:32:54', '2025-11-27 02:33:10', '2025-11-27 02:33:07', 16, '2025-11-27 02:32:54'),
(129, 7, '2025-11-27 02:33:19', NULL, '2025-11-27 02:33:32', 0, '2025-11-27 02:33:19'),
(130, 29, '2025-11-27 02:41:14', '2025-11-27 02:41:35', '2025-11-27 02:41:14', 21, '2025-11-27 02:41:14'),
(131, 29, '2025-11-27 02:41:26', NULL, '2025-11-27 02:41:26', 0, '2025-11-27 02:41:26'),
(132, 30, '2025-11-27 02:41:38', '2025-11-27 03:22:11', '2025-11-27 02:41:38', 2433, '2025-11-27 02:41:38'),
(133, 7, '2025-11-27 03:03:52', NULL, '2025-11-27 03:03:56', 0, '2025-11-27 03:03:52'),
(134, 7, '2025-11-27 03:22:21', '2025-11-27 03:41:37', '2025-11-27 03:22:36', 1156, '2025-11-27 03:22:21'),
(135, 7, '2025-11-27 03:41:45', NULL, '2025-11-27 03:56:30', 0, '2025-11-27 03:41:45'),
(136, 29, '2025-11-27 03:57:03', '2025-11-27 03:59:49', '2025-11-27 03:59:46', 166, '2025-11-27 03:57:03'),
(137, 7, '2025-11-27 03:59:58', NULL, '2025-11-27 04:00:16', 0, '2025-11-27 03:59:58'),
(138, 29, '2025-11-27 04:00:39', NULL, '2025-11-27 04:01:24', 0, '2025-11-27 04:00:39'),
(139, 7, '2025-11-27 04:05:00', NULL, '2025-11-27 04:05:15', 0, '2025-11-27 04:05:00'),
(140, 29, '2025-11-27 04:05:45', NULL, '2025-11-27 04:09:39', 0, '2025-11-27 04:05:45'),
(141, 7, '2025-11-27 04:08:00', '2025-11-27 04:17:40', '2025-11-27 04:08:12', 580, '2025-11-27 04:08:00'),
(142, 7, '2025-11-27 04:17:55', NULL, '2025-11-27 04:18:13', 0, '2025-11-27 04:17:55'),
(143, 29, '2025-11-27 04:22:56', '2025-11-27 04:23:16', '2025-11-27 04:23:15', 20, '2025-11-27 04:22:56'),
(144, 7, '2025-11-27 04:23:26', NULL, '2025-11-27 04:23:45', 0, '2025-11-27 04:23:26'),
(145, 29, '2025-11-28 23:35:23', '2025-11-28 23:35:28', '2025-11-28 23:35:23', 5, '2025-11-28 23:35:23'),
(146, 29, '2025-11-28 23:35:36', '2025-11-28 23:35:39', '2025-11-28 23:35:36', 3, '2025-11-28 23:35:36'),
(147, 29, '2025-11-28 23:35:45', '2025-11-28 23:35:47', '2025-11-28 23:35:45', 2, '2025-11-28 23:35:45'),
(148, 29, '2025-11-28 23:35:51', '2025-11-28 23:35:59', '2025-11-28 23:35:51', 8, '2025-11-28 23:35:51'),
(149, 29, '2025-11-28 23:36:06', '2025-11-28 23:37:21', '2025-11-28 23:36:06', 75, '2025-11-28 23:36:06'),
(150, 29, '2025-11-28 23:37:25', NULL, '2025-11-28 23:55:39', 0, '2025-11-28 23:37:25'),
(151, 7, '2025-11-29 00:12:15', NULL, '2025-11-29 00:16:06', 0, '2025-11-29 00:12:15'),
(152, 7, '2025-11-29 00:25:22', NULL, '2025-11-29 00:25:22', 0, '2025-11-29 00:25:22'),
(153, 7, '2025-11-29 00:25:31', NULL, '2025-11-29 00:49:28', 0, '2025-11-29 00:25:31');

-- --------------------------------------------------------

--
-- Table structure for table `TIPO_ACCION`
--

CREATE TABLE `TIPO_ACCION` (
  `id` tinyint UNSIGNED NOT NULL,
  `tipo` varchar(32) NOT NULL
) ENGINE=InnoDB DEFAULT CHARSET=utf8mb4 COLLATE=utf8mb4_0900_ai_ci;

--
-- Dumping data for table `TIPO_ACCION`
--

INSERT INTO `TIPO_ACCION` (`id`, `tipo`) VALUES
(3, 'CONEXION_BLOQUE'),
(4, 'EDICION_BLOQUE'),
(5, 'ELIMINACION_BLOQUE'),
(2, 'MOVIMIENTO_BLOQUE'),
(1, 'NUEVO_BLOQUE');

-- --------------------------------------------------------

--
-- Table structure for table `TIPO_BLOQUE`
--

CREATE TABLE `TIPO_BLOQUE` (
  `id` smallint UNSIGNED NOT NULL,
  `tipo` varchar(64) NOT NULL
) ENGINE=InnoDB DEFAULT CHARSET=utf8mb4 COLLATE=utf8mb4_0900_ai_ci;

--
-- Dumping data for table `TIPO_BLOQUE`
--

INSERT INTO `TIPO_BLOQUE` (`id`, `tipo`) VALUES
(1, 'AVANZAR'),
(10, 'BIRD_CAMBIO_DIRECCION'),
(12, 'BIRD_COMPARADOR_POSICION'),
(11, 'BIRD_COND_SIN_GUSANO'),
(13, 'BIRD_OPERADOR_LOGICO'),
(3, 'GIRAR_DERECHA'),
(2, 'GIRAR_IZQUIERDA'),
(9, 'REPETIR_HASTA_META'),
(4, 'SENSOR_CAMINO_ADELANTE'),
(6, 'SENSOR_CAMINO_DERECHA'),
(5, 'SENSOR_CAMINO_IZQUIERDA'),
(7, 'SI_CAMINO_HACER'),
(8, 'SI_CAMINO_SINO');

-- --------------------------------------------------------

--
-- Table structure for table `USUARIO`
--

CREATE TABLE `USUARIO` (
  `id` bigint UNSIGNED NOT NULL,
  `rol_id` int UNSIGNED NOT NULL,
  `pin` char(4) NOT NULL,
  `password` varchar(100) DEFAULT NULL,
  `nombre` varchar(80) NOT NULL,
  `apellidos` varchar(120) NOT NULL,
  `fecha_nac` date DEFAULT NULL,
  `creado_en` timestamp NOT NULL DEFAULT CURRENT_TIMESTAMP
) ENGINE=InnoDB DEFAULT CHARSET=utf8mb4 COLLATE=utf8mb4_0900_ai_ci;

--
-- Dumping data for table `USUARIO`
--

INSERT INTO `USUARIO` (`id`, `rol_id`, `pin`, `password`, `nombre`, `apellidos`, `fecha_nac`, `creado_en`) VALUES
(7, 2, '1234', '$2b$10$Eudf10rzX/8OsmX8pH8hr.SXB104kAMx/sxz0ZG9YVtsyk1AHTPTi', 'Ana', 'Vega', NULL, '2025-10-29 00:00:21'),
(29, 1, '1111', NULL, 'Christian', 'Perez Alfaro', '2002-12-02', '2025-11-26 05:22:17'),
(30, 1, '2222', NULL, 'Susy', 'Hernandez Malagon', '2002-01-28', '2025-11-27 02:24:56');

-- --------------------------------------------------------

--
-- Stand-in structure for view `vw_attempt_event_log`
-- (See below for the actual view)
--
CREATE TABLE `vw_attempt_event_log` (
`intento_id` bigint unsigned
,`accion_id` bigint unsigned
,`n_orden` bigint unsigned
,`tipo_accion_id` tinyint unsigned
,`tipo_accion` varchar(32)
,`timestamp_evento` datetime
,`tipo_bloque_id` smallint unsigned
,`tipo_bloque` varchar(64)
,`details_json` json
);

-- --------------------------------------------------------

--
-- Stand-in structure for view `vw_auth`
-- (See below for the actual view)
--
CREATE TABLE `vw_auth` (
`usuario_id` bigint unsigned
,`pin` char(4)
,`password_hash` varchar(100)
,`nombre` varchar(80)
,`apellidos` varchar(120)
,`fecha_nac` date
,`creado_en` datetime
,`rol_id` int unsigned
,`rol` varchar(64)
);

-- --------------------------------------------------------

--
-- Stand-in structure for view `vw_auth_middlewares`
-- (See below for the actual view)
--
CREATE TABLE `vw_auth_middlewares` (
`sesion_id` bigint unsigned
,`usuario_id` bigint unsigned
,`inicio_en` datetime
,`fin_en` datetime
,`ultimo_ping` datetime
,`idle_seconds` bigint
,`segundos_totales` int unsigned
,`rol_id` int unsigned
,`rol` varchar(64)
);

-- --------------------------------------------------------

--
-- Stand-in structure for view `vw_list_players`
-- (See below for the actual view)
--
CREATE TABLE `vw_list_players` (
`usuario_id` bigint unsigned
,`pin` char(4)
,`nombre` varchar(80)
,`apellidos` varchar(120)
,`jugador` varchar(201)
,`total_sesiones` bigint
,`ultima_sesion` datetime
,`niveles_completados` bigint
,`total_niveles` bigint
);

-- --------------------------------------------------------

--
-- Stand-in structure for view `vw_player_game_levels`
-- (See below for the actual view)
--
CREATE TABLE `vw_player_game_levels` (
`usuario_id` bigint unsigned
,`juego_id` smallint unsigned
,`nivel_id` int unsigned
,`nivel` int unsigned
,`estado` varchar(32)
,`intentos_totales` int unsigned
,`tiempo_acumulado_seg` int unsigned
,`seg_prom_por_intento` decimal(13,2)
,`fecha_primer_intento` datetime
,`fecha_ultimo_intento` datetime
);

-- --------------------------------------------------------

--
-- Stand-in structure for view `vw_player_game_summary`
-- (See below for the actual view)
--
CREATE TABLE `vw_player_game_summary` (
`usuario_id` bigint unsigned
,`jugador` varchar(201)
,`juego_id` smallint unsigned
,`juego` varchar(50)
,`niveles_completados_juego` decimal(23,0)
,`intentos_totales_juego` bigint
,`prom_intentos_por_nivel` decimal(13,2)
,`seg_prom_nivel_hasta_completar` decimal(13,2)
,`seg_prom_intento_juego` decimal(13,2)
,`pct_exito_juego` decimal(29,2)
,`pct_fallo_juego` decimal(29,2)
,`pct_abandono_juego` decimal(29,2)
,`ultima_actividad_juego` datetime
);

-- --------------------------------------------------------

--
-- Stand-in structure for view `vw_player_level_attempts`
-- (See below for the actual view)
--
CREATE TABLE `vw_player_level_attempts` (
`usuario_id` bigint unsigned
,`juego_id` smallint unsigned
,`nivel_id` int unsigned
,`intento_id` bigint unsigned
,`sesion_id` bigint unsigned
,`estado_id` tinyint unsigned
,`estado` varchar(32)
,`seg_duracion_intento` decimal(13,2)
,`bloques_total` int unsigned
,`fecha_intento` datetime
,`codigo_js` json
);

-- --------------------------------------------------------

--
-- Stand-in structure for view `vw_player_overview_general`
-- (See below for the actual view)
--
CREATE TABLE `vw_player_overview_general` (
`usuario_id` bigint unsigned
,`jugador` varchar(201)
,`niveles_completados` decimal(23,0)
,`intentos_totales` bigint
,`intentos_exito` decimal(23,0)
,`intentos_fallo` decimal(23,0)
,`intentos_abandono` decimal(23,0)
,`pct_intentos_exito` decimal(29,2)
,`pct_intentos_fallo` decimal(29,2)
,`pct_intentos_abandono` decimal(29,2)
,`seg_prom_nivel_hasta_completar` decimal(13,2)
,`seg_prom_por_intento` decimal(13,2)
,`juego_id` smallint unsigned
,`juego` varchar(50)
,`intentos_totales_juego` bigint
,`intentos_exito_juego` decimal(23,0)
,`intentos_fallo_juego` decimal(23,0)
,`intentos_abandono_juego` decimal(23,0)
,`ultima_sesion` datetime
,`seg_prom_por_sesion` decimal(13,2)
);

-- --------------------------------------------------------

--
-- Stand-in structure for view `vw_player_sessions_timeseries`
-- (See below for the actual view)
--
CREATE TABLE `vw_player_sessions_timeseries` (
`usuario_id` bigint unsigned
,`sesion_id` bigint unsigned
,`sesion_inicio` datetime
,`sesion_fin` datetime
,`sesion_segundos` int unsigned
,`intentos_totales_sesion` bigint
,`intentos_exito` decimal(23,0)
,`intentos_fallo` decimal(23,0)
,`intentos_abandono` decimal(23,0)
,`seg_prom_intento_sesion` decimal(13,2)
);

--
-- Indexes for dumped tables
--

--
-- Indexes for table `ACCION`
--
ALTER TABLE `ACCION`
  ADD PRIMARY KEY (`id`),
  ADD UNIQUE KEY `uk_intento_seq` (`intento_id`,`numero_secuencia`),
  ADD KEY `idx_accion_intento` (`intento_id`),
  ADD KEY `idx_accion_tipo` (`tipo_accion_id`),
  ADD KEY `idx_accion_bloque` (`tipo_bloque_id`);

--
-- Indexes for table `CONEXION_BLOQUE`
--
ALTER TABLE `CONEXION_BLOQUE`
  ADD PRIMARY KEY (`accion_id`),
  ADD KEY `padre_tipo_bloque_id` (`padre_tipo_bloque_id`),
  ADD KEY `hijo_tipo_bloque_id` (`hijo_tipo_bloque_id`);

--
-- Indexes for table `EDICION_BLOQUE`
--
ALTER TABLE `EDICION_BLOQUE`
  ADD PRIMARY KEY (`accion_id`);

--
-- Indexes for table `ESTADO`
--
ALTER TABLE `ESTADO`
  ADD PRIMARY KEY (`id`),
  ADD UNIQUE KEY `tipo` (`tipo`);

--
-- Indexes for table `INTENTO`
--
ALTER TABLE `INTENTO`
  ADD PRIMARY KEY (`id`),
  ADD KEY `idx_intento_sesion` (`sesion_id`,`inicio_en`),
  ADD KEY `idx_intento_juego_nivel` (`juego_id`,`nivel_id`),
  ADD KEY `idx_intento_estado` (`estado_id`),
  ADD KEY `nivel_id` (`nivel_id`);

--
-- Indexes for table `JUEGO`
--
ALTER TABLE `JUEGO`
  ADD PRIMARY KEY (`id`),
  ADD UNIQUE KEY `nombre` (`nombre`);

--
-- Indexes for table `MOVIMIENTO_BLOQUE`
--
ALTER TABLE `MOVIMIENTO_BLOQUE`
  ADD PRIMARY KEY (`accion_id`);

--
-- Indexes for table `NIVEL`
--
ALTER TABLE `NIVEL`
  ADD PRIMARY KEY (`id`),
  ADD KEY `juego_id` (`juego_id`);

--
-- Indexes for table `PROGRESO`
--
ALTER TABLE `PROGRESO`
  ADD PRIMARY KEY (`id`),
  ADD UNIQUE KEY `uk_usuario_juego_nivel` (`usuario_id`,`juego_id`,`nivel_id`),
  ADD KEY `idx_progreso_usuario` (`usuario_id`),
  ADD KEY `idx_progreso_juego_nivel` (`juego_id`,`nivel_id`),
  ADD KEY `idx_progreso_estado` (`estado_id`),
  ADD KEY `fk_progreso_nivel` (`nivel_id`);

--
-- Indexes for table `ROL`
--
ALTER TABLE `ROL`
  ADD PRIMARY KEY (`id`),
  ADD UNIQUE KEY `tipo` (`tipo`);

--
-- Indexes for table `SESION`
--
ALTER TABLE `SESION`
  ADD PRIMARY KEY (`id`),
  ADD KEY `idx_sesion_usuario` (`usuario_id`,`inicio_en`);

--
-- Indexes for table `TIPO_ACCION`
--
ALTER TABLE `TIPO_ACCION`
  ADD PRIMARY KEY (`id`),
  ADD UNIQUE KEY `tipo` (`tipo`);

--
-- Indexes for table `TIPO_BLOQUE`
--
ALTER TABLE `TIPO_BLOQUE`
  ADD PRIMARY KEY (`id`),
  ADD UNIQUE KEY `tipo` (`tipo`);

--
-- Indexes for table `USUARIO`
--
ALTER TABLE `USUARIO`
  ADD PRIMARY KEY (`id`),
  ADD UNIQUE KEY `pin` (`pin`),
  ADD KEY `rol_id` (`rol_id`);

--
-- AUTO_INCREMENT for dumped tables
--

--
-- AUTO_INCREMENT for table `ACCION`
--
ALTER TABLE `ACCION`
  MODIFY `id` bigint UNSIGNED NOT NULL AUTO_INCREMENT, AUTO_INCREMENT=4036;

--
-- AUTO_INCREMENT for table `ESTADO`
--
ALTER TABLE `ESTADO`
  MODIFY `id` tinyint UNSIGNED NOT NULL AUTO_INCREMENT, AUTO_INCREMENT=6;

--
-- AUTO_INCREMENT for table `INTENTO`
--
ALTER TABLE `INTENTO`
  MODIFY `id` bigint UNSIGNED NOT NULL AUTO_INCREMENT, AUTO_INCREMENT=539;

--
-- AUTO_INCREMENT for table `JUEGO`
--
ALTER TABLE `JUEGO`
  MODIFY `id` smallint UNSIGNED NOT NULL AUTO_INCREMENT, AUTO_INCREMENT=3;

--
-- AUTO_INCREMENT for table `NIVEL`
--
ALTER TABLE `NIVEL`
  MODIFY `id` int UNSIGNED NOT NULL AUTO_INCREMENT, AUTO_INCREMENT=22;

--
-- AUTO_INCREMENT for table `PROGRESO`
--
ALTER TABLE `PROGRESO`
  MODIFY `id` bigint UNSIGNED NOT NULL AUTO_INCREMENT, AUTO_INCREMENT=482;

--
-- AUTO_INCREMENT for table `ROL`
--
ALTER TABLE `ROL`
  MODIFY `id` int UNSIGNED NOT NULL AUTO_INCREMENT, AUTO_INCREMENT=3;

--
-- AUTO_INCREMENT for table `SESION`
--
ALTER TABLE `SESION`
  MODIFY `id` bigint UNSIGNED NOT NULL AUTO_INCREMENT, AUTO_INCREMENT=154;

--
-- AUTO_INCREMENT for table `TIPO_ACCION`
--
ALTER TABLE `TIPO_ACCION`
  MODIFY `id` tinyint UNSIGNED NOT NULL AUTO_INCREMENT, AUTO_INCREMENT=9;

--
-- AUTO_INCREMENT for table `TIPO_BLOQUE`
--
ALTER TABLE `TIPO_BLOQUE`
  MODIFY `id` smallint UNSIGNED NOT NULL AUTO_INCREMENT, AUTO_INCREMENT=14;

--
-- AUTO_INCREMENT for table `USUARIO`
--
ALTER TABLE `USUARIO`
  MODIFY `id` bigint UNSIGNED NOT NULL AUTO_INCREMENT, AUTO_INCREMENT=31;

-- --------------------------------------------------------

--
-- Structure for view `vw_attempt_event_log`
--
DROP TABLE IF EXISTS `vw_attempt_event_log`;

CREATE ALGORITHM=UNDEFINED DEFINER=`root`@`%` SQL SECURITY DEFINER VIEW `vw_attempt_event_log`  AS SELECT `a`.`intento_id` AS `intento_id`, `a`.`id` AS `accion_id`, row_number() OVER (PARTITION BY `a`.`intento_id` ORDER BY `a`.`creado_en`,`a`.`numero_secuencia`,`a`.`id` ) AS `n_orden`, `a`.`tipo_accion_id` AS `tipo_accion_id`, `ta`.`tipo` AS `tipo_accion`, convert_tz(`a`.`creado_en`,'+00:00','-06:00') AS `timestamp_evento`, `a`.`tipo_bloque_id` AS `tipo_bloque_id`, `tb`.`tipo` AS `tipo_bloque`, json_object('mov',(case when (`a`.`tipo_accion_id` = 2) then json_object('desde_x',`mv`.`desde_x`,'desde_y',`mv`.`desde_y`,'hasta_x',`mv`.`hasta_x`,'hasta_y',`mv`.`hasta_y`) else NULL end),'con',(case when (`a`.`tipo_accion_id` = 3) then json_object('padre_tipo_bloque_id',`cx`.`padre_tipo_bloque_id`,'padre_tipo_bloque',`tb_padre`.`tipo`,'hijo_tipo_bloque_id',`cx`.`hijo_tipo_bloque_id`,'hijo_tipo_bloque',`tb_hijo`.`tipo`) else NULL end),'edit',(case when (`a`.`tipo_accion_id` = 4) then json_object('elemento',`ed`.`elemento`,'nombre',`ed`.`nombre`,'old',`ed`.`valor_anterior`,'new',`ed`.`valor_nuevo`) else NULL end)) AS `details_json` FROM (((((((`ACCION` `a` left join `TIPO_ACCION` `ta` on((`ta`.`id` = `a`.`tipo_accion_id`))) left join `TIPO_BLOQUE` `tb` on((`tb`.`id` = `a`.`tipo_bloque_id`))) left join `MOVIMIENTO_BLOQUE` `mv` on((`mv`.`accion_id` = `a`.`id`))) left join `CONEXION_BLOQUE` `cx` on((`cx`.`accion_id` = `a`.`id`))) left join `TIPO_BLOQUE` `tb_padre` on((`tb_padre`.`id` = `cx`.`padre_tipo_bloque_id`))) left join `TIPO_BLOQUE` `tb_hijo` on((`tb_hijo`.`id` = `cx`.`hijo_tipo_bloque_id`))) left join `EDICION_BLOQUE` `ed` on((`ed`.`accion_id` = `a`.`id`))) ;

-- --------------------------------------------------------

--
-- Structure for view `vw_auth`
--
DROP TABLE IF EXISTS `vw_auth`;

CREATE ALGORITHM=UNDEFINED DEFINER=`root`@`%` SQL SECURITY DEFINER VIEW `vw_auth`  AS SELECT `u`.`id` AS `usuario_id`, `u`.`pin` AS `pin`, `u`.`password` AS `password_hash`, `u`.`nombre` AS `nombre`, `u`.`apellidos` AS `apellidos`, `u`.`fecha_nac` AS `fecha_nac`, convert_tz(`u`.`creado_en`,'+00:00','-06:00') AS `creado_en`, `r`.`id` AS `rol_id`, `r`.`tipo` AS `rol` FROM (`USUARIO` `u` join `ROL` `r` on((`r`.`id` = `u`.`rol_id`))) ;

-- --------------------------------------------------------

--
-- Structure for view `vw_auth_middlewares`
--
DROP TABLE IF EXISTS `vw_auth_middlewares`;

CREATE ALGORITHM=UNDEFINED DEFINER=`root`@`%` SQL SECURITY DEFINER VIEW `vw_auth_middlewares`  AS SELECT `s`.`id` AS `sesion_id`, `s`.`usuario_id` AS `usuario_id`, `s`.`inicio_en` AS `inicio_en`, `s`.`fin_en` AS `fin_en`, `s`.`ultimo_ping` AS `ultimo_ping`, timestampdiff(SECOND,`s`.`ultimo_ping`,now()) AS `idle_seconds`, `s`.`segundos_totales` AS `segundos_totales`, `u`.`rol_id` AS `rol_id`, `r`.`tipo` AS `rol` FROM ((`SESION` `s` join `USUARIO` `u` on((`u`.`id` = `s`.`usuario_id`))) join `ROL` `r` on((`r`.`id` = `u`.`rol_id`))) ;

-- --------------------------------------------------------

--
-- Structure for view `vw_list_players`
--
DROP TABLE IF EXISTS `vw_list_players`;

CREATE ALGORITHM=UNDEFINED DEFINER=`root`@`%` SQL SECURITY DEFINER VIEW `vw_list_players`  AS SELECT `u`.`id` AS `usuario_id`, `u`.`pin` AS `pin`, `u`.`nombre` AS `nombre`, `u`.`apellidos` AS `apellidos`, concat(`u`.`nombre`,' ',`u`.`apellidos`) AS `jugador`, coalesce(`ses`.`total_sesiones`,0) AS `total_sesiones`, `ses`.`ultima_sesion` AS `ultima_sesion`, coalesce(`prog`.`niveles_completados`,0) AS `niveles_completados`, coalesce(`niv`.`total_niveles`,0) AS `total_niveles` FROM ((((`USUARIO` `u` join `ROL` `r` on(((`r`.`id` = `u`.`rol_id`) and (`r`.`tipo` = 'jugador')))) left join (select `s`.`usuario_id` AS `usuario_id`,count(0) AS `total_sesiones`,convert_tz(max(`s`.`inicio_en`),'+00:00','-06:00') AS `ultima_sesion` from `SESION` `s` group by `s`.`usuario_id`) `ses` on((`ses`.`usuario_id` = `u`.`id`))) left join (select `p`.`usuario_id` AS `usuario_id`,count(0) AS `niveles_completados` from `PROGRESO` `p` where (`p`.`estado_id` = 3) group by `p`.`usuario_id`) `prog` on((`prog`.`usuario_id` = `u`.`id`))) join (select count(0) AS `total_niveles` from `NIVEL`) `niv`) ORDER BY `ses`.`ultima_sesion` DESC, `u`.`id` ASC ;

-- --------------------------------------------------------

--
-- Structure for view `vw_player_game_levels`
--
DROP TABLE IF EXISTS `vw_player_game_levels`;

CREATE ALGORITHM=UNDEFINED DEFINER=`root`@`%` SQL SECURITY DEFINER VIEW `vw_player_game_levels`  AS WITH   `base` as (select `p`.`usuario_id` AS `usuario_id`,`p`.`juego_id` AS `juego_id`,`p`.`nivel_id` AS `nivel_id`,`n`.`numero` AS `nivel_numero`,`p`.`estado_id` AS `estado_id`,`p`.`intentos` AS `intentos`,`p`.`segundos_totales` AS `segundos_totales`,min(`i`.`inicio_en`) AS `primer_intento_en`,max(coalesce(`i`.`fin_en`,`i`.`inicio_en`)) AS `ultimo_intento_en` from ((`PROGRESO` `p` join `NIVEL` `n` on((`n`.`id` = `p`.`nivel_id`))) left join `INTENTO` `i` on(((`i`.`juego_id` = `p`.`juego_id`) and (`i`.`nivel_id` = `p`.`nivel_id`) and `i`.`sesion_id` in (select `s`.`id` from `SESION` `s` where (`s`.`usuario_id` = `p`.`usuario_id`))))) group by `p`.`usuario_id`,`p`.`juego_id`,`p`.`nivel_id`,`n`.`numero`,`p`.`estado_id`,`p`.`intentos`,`p`.`segundos_totales`) select `b`.`usuario_id` AS `usuario_id`,`b`.`juego_id` AS `juego_id`,`b`.`nivel_id` AS `nivel_id`,`b`.`nivel_numero` AS `nivel`,`e`.`tipo` AS `estado`,`b`.`intentos` AS `intentos_totales`,`b`.`segundos_totales` AS `tiempo_acumulado_seg`,(case when (`b`.`intentos` > 0) then round((`b`.`segundos_totales` / `b`.`intentos`),2) else 0 end) AS `seg_prom_por_intento`,convert_tz(`b`.`primer_intento_en`,'+00:00','-06:00') AS `fecha_primer_intento`,convert_tz(`b`.`ultimo_intento_en`,'+00:00','-06:00') AS `fecha_ultimo_intento` from (`base` `b` left join `ESTADO` `e` on((`e`.`id` = `b`.`estado_id`)))  ;

-- --------------------------------------------------------

--
-- Structure for view `vw_player_game_summary`
--
DROP TABLE IF EXISTS `vw_player_game_summary`;

CREATE ALGORITHM=UNDEFINED DEFINER=`root`@`%` SQL SECURITY DEFINER VIEW `vw_player_game_summary`  AS WITH   `it` as (select `s`.`usuario_id` AS `usuario_id`,`i`.`juego_id` AS `juego_id`,`i`.`nivel_id` AS `nivel_id`,`i`.`estado_id` AS `estado_id`,`i`.`duracion_ms` AS `duracion_ms`,`i`.`fin_en` AS `fin_en` from (`INTENTO` `i` join `SESION` `s` on((`s`.`id` = `i`.`sesion_id`)))), `pr` as (select `p`.`usuario_id` AS `usuario_id`,`p`.`juego_id` AS `juego_id`,`p`.`nivel_id` AS `nivel_id`,`p`.`estado_id` AS `estado_id`,`p`.`intentos` AS `intentos`,`p`.`segundos_totales` AS `segundos_totales` from `PROGRESO` `p`), `it_game` as (select `it`.`usuario_id` AS `usuario_id`,`it`.`juego_id` AS `juego_id`,count(0) AS `intentos_totales_juego`,sum((case when (`it`.`estado_id` = 3) then 1 else 0 end)) AS `intentos_exito_juego`,sum((case when (`it`.`estado_id` = 5) then 1 else 0 end)) AS `intentos_fallo_juego`,sum((case when (`it`.`estado_id` = 4) then 1 else 0 end)) AS `intentos_abandono_juego`,(avg(nullif(`it`.`duracion_ms`,0)) / 1000) AS `seg_prom_intento_juego`,max(`it`.`fin_en`) AS `ultima_actividad_juego` from `it` group by `it`.`usuario_id`,`it`.`juego_id`), `pr_game` as (select `pr`.`usuario_id` AS `usuario_id`,`pr`.`juego_id` AS `juego_id`,sum((case when (`pr`.`estado_id` = 3) then 1 else 0 end)) AS `niveles_completados_juego`,avg(nullif(`pr`.`intentos`,0)) AS `prom_intentos_por_nivel`,avg(nullif((case when (`pr`.`estado_id` = 3) then `pr`.`segundos_totales` end),0)) AS `seg_prom_nivel_hasta_completar` from `pr` group by `pr`.`usuario_id`,`pr`.`juego_id`) select `u`.`id` AS `usuario_id`,concat(`u`.`nombre`,' ',`u`.`apellidos`) AS `jugador`,`j`.`id` AS `juego_id`,`j`.`nombre` AS `juego`,coalesce(`pg`.`niveles_completados_juego`,0) AS `niveles_completados_juego`,coalesce(`ig`.`intentos_totales_juego`,0) AS `intentos_totales_juego`,round(coalesce(`pg`.`prom_intentos_por_nivel`,0),2) AS `prom_intentos_por_nivel`,round(coalesce(`pg`.`seg_prom_nivel_hasta_completar`,0),2) AS `seg_prom_nivel_hasta_completar`,round(coalesce(`ig`.`seg_prom_intento_juego`,0),2) AS `seg_prom_intento_juego`,round(((100 * coalesce(`ig`.`intentos_exito_juego`,0)) / nullif(`ig`.`intentos_totales_juego`,0)),2) AS `pct_exito_juego`,round(((100 * coalesce(`ig`.`intentos_fallo_juego`,0)) / nullif(`ig`.`intentos_totales_juego`,0)),2) AS `pct_fallo_juego`,round(((100 * coalesce(`ig`.`intentos_abandono_juego`,0)) / nullif(`ig`.`intentos_totales_juego`,0)),2) AS `pct_abandono_juego`,convert_tz(`ig`.`ultima_actividad_juego`,'+00:00','-06:00') AS `ultima_actividad_juego` from ((((`USUARIO` `u` join `ROL` `r` on(((`r`.`id` = `u`.`rol_id`) and (`r`.`tipo` = 'jugador')))) join `it_game` `ig` on((`ig`.`usuario_id` = `u`.`id`))) join `JUEGO` `j` on((`j`.`id` = `ig`.`juego_id`))) left join `pr_game` `pg` on(((`pg`.`usuario_id` = `u`.`id`) and (`pg`.`juego_id` = `j`.`id`))))  ;

-- --------------------------------------------------------

--
-- Structure for view `vw_player_level_attempts`
--
DROP TABLE IF EXISTS `vw_player_level_attempts`;

CREATE ALGORITHM=UNDEFINED DEFINER=`root`@`%` SQL SECURITY DEFINER VIEW `vw_player_level_attempts`  AS SELECT `s`.`usuario_id` AS `usuario_id`, `i`.`juego_id` AS `juego_id`, `i`.`nivel_id` AS `nivel_id`, `i`.`id` AS `intento_id`, `i`.`sesion_id` AS `sesion_id`, `i`.`estado_id` AS `estado_id`, `e`.`tipo` AS `estado`, round((nullif(`i`.`duracion_ms`,0) / 1000),2) AS `seg_duracion_intento`, `i`.`numero_bloques_total` AS `bloques_total`, convert_tz(`i`.`inicio_en`,'+00:00','-06:00') AS `fecha_intento`, `i`.`codigo_js` AS `codigo_js` FROM ((`INTENTO` `i` join `SESION` `s` on((`s`.`id` = `i`.`sesion_id`))) left join `ESTADO` `e` on((`e`.`id` = `i`.`estado_id`))) ;

-- --------------------------------------------------------

--
-- Structure for view `vw_player_overview_general`
--
DROP TABLE IF EXISTS `vw_player_overview_general`;

CREATE ALGORITHM=UNDEFINED DEFINER=`root`@`%` SQL SECURITY DEFINER VIEW `vw_player_overview_general`  AS WITH   `it` as (select `s`.`usuario_id` AS `usuario_id`,`i`.`juego_id` AS `juego_id`,`i`.`estado_id` AS `estado_id`,`i`.`duracion_ms` AS `duracion_ms` from (`INTENTO` `i` join `SESION` `s` on((`s`.`id` = `i`.`sesion_id`)))), `pr` as (select `p`.`usuario_id` AS `usuario_id`,`p`.`juego_id` AS `juego_id`,`p`.`nivel_id` AS `nivel_id`,`p`.`estado_id` AS `estado_id`,`p`.`intentos` AS `intentos`,`p`.`segundos_totales` AS `segundos_totales` from `PROGRESO` `p`), `ses` as (select `s`.`usuario_id` AS `usuario_id`,count(0) AS `total_sesiones`,avg(nullif(`s`.`segundos_totales`,0)) AS `avg_seg_por_sesion` from `SESION` `s` group by `s`.`usuario_id`), `it_user` as (select `it`.`usuario_id` AS `usuario_id`,count(0) AS `intentos_totales`,sum((case when (`it`.`estado_id` = 3) then 1 else 0 end)) AS `intentos_exito`,sum((case when (`it`.`estado_id` = 5) then 1 else 0 end)) AS `intentos_fallo`,sum((case when (`it`.`estado_id` = 4) then 1 else 0 end)) AS `intentos_abandono`,(avg(nullif(`it`.`duracion_ms`,0)) / 1000) AS `seg_prom_por_intento` from `it` group by `it`.`usuario_id`), `pr_user` as (select `pr`.`usuario_id` AS `usuario_id`,sum((case when (`pr`.`estado_id` = 3) then 1 else 0 end)) AS `niveles_completados`,avg(nullif(`pr`.`segundos_totales`,0)) AS `seg_prom_nivel_hasta_completar` from `pr` group by `pr`.`usuario_id`), `it_game` as (select `it`.`usuario_id` AS `usuario_id`,`it`.`juego_id` AS `juego_id`,count(0) AS `intentos_totales_juego`,sum((case when (`it`.`estado_id` = 3) then 1 else 0 end)) AS `intentos_exito_juego`,sum((case when (`it`.`estado_id` = 5) then 1 else 0 end)) AS `intentos_fallo_juego`,sum((case when (`it`.`estado_id` = 4) then 1 else 0 end)) AS `intentos_abandono_juego` from `it` group by `it`.`usuario_id`,`it`.`juego_id`), `ses_max` as (select `SESION`.`usuario_id` AS `usuario_id`,max(`SESION`.`inicio_en`) AS `ultima_sesion` from `SESION` group by `SESION`.`usuario_id`) select `u`.`id` AS `usuario_id`,concat(`u`.`nombre`,' ',`u`.`apellidos`) AS `jugador`,coalesce(`pru`.`niveles_completados`,0) AS `niveles_completados`,coalesce(`itu`.`intentos_totales`,0) AS `intentos_totales`,coalesce(`itu`.`intentos_exito`,0) AS `intentos_exito`,coalesce(`itu`.`intentos_fallo`,0) AS `intentos_fallo`,coalesce(`itu`.`intentos_abandono`,0) AS `intentos_abandono`,round(((100 * coalesce(`itu`.`intentos_exito`,0)) / nullif(`itu`.`intentos_totales`,0)),2) AS `pct_intentos_exito`,round(((100 * coalesce(`itu`.`intentos_fallo`,0)) / nullif(`itu`.`intentos_totales`,0)),2) AS `pct_intentos_fallo`,round(((100 * coalesce(`itu`.`intentos_abandono`,0)) / nullif(`itu`.`intentos_totales`,0)),2) AS `pct_intentos_abandono`,round(coalesce(`pru`.`seg_prom_nivel_hasta_completar`,0),2) AS `seg_prom_nivel_hasta_completar`,round(coalesce(`itu`.`seg_prom_por_intento`,0),2) AS `seg_prom_por_intento`,`j`.`id` AS `juego_id`,`j`.`nombre` AS `juego`,coalesce(`itg`.`intentos_totales_juego`,0) AS `intentos_totales_juego`,coalesce(`itg`.`intentos_exito_juego`,0) AS `intentos_exito_juego`,coalesce(`itg`.`intentos_fallo_juego`,0) AS `intentos_fallo_juego`,coalesce(`itg`.`intentos_abandono_juego`,0) AS `intentos_abandono_juego`,convert_tz(`ses_max`.`ultima_sesion`,'+00:00','-06:00') AS `ultima_sesion`,round(coalesce(`ses`.`avg_seg_por_sesion`,0),2) AS `seg_prom_por_sesion` from (((((((`USUARIO` `u` join `ROL` `r` on(((`r`.`id` = `u`.`rol_id`) and (`r`.`tipo` = 'jugador')))) left join `it_user` `itu` on((`itu`.`usuario_id` = `u`.`id`))) left join `pr_user` `pru` on((`pru`.`usuario_id` = `u`.`id`))) left join `ses` on((`ses`.`usuario_id` = `u`.`id`))) left join `ses_max` on((`ses_max`.`usuario_id` = `u`.`id`))) left join `it_game` `itg` on((`itg`.`usuario_id` = `u`.`id`))) left join `JUEGO` `j` on((`j`.`id` = `itg`.`juego_id`)))  ;

-- --------------------------------------------------------

--
-- Structure for view `vw_player_sessions_timeseries`
--
DROP TABLE IF EXISTS `vw_player_sessions_timeseries`;

CREATE ALGORITHM=UNDEFINED DEFINER=`root`@`%` SQL SECURITY DEFINER VIEW `vw_player_sessions_timeseries`  AS SELECT `s`.`usuario_id` AS `usuario_id`, `s`.`id` AS `sesion_id`, convert_tz(`s`.`inicio_en`,'+00:00','-06:00') AS `sesion_inicio`, convert_tz(`s`.`fin_en`,'+00:00','-06:00') AS `sesion_fin`, `s`.`segundos_totales` AS `sesion_segundos`, count(`i`.`id`) AS `intentos_totales_sesion`, sum((case when (`i`.`estado_id` = 3) then 1 else 0 end)) AS `intentos_exito`, sum((case when (`i`.`estado_id` = 5) then 1 else 0 end)) AS `intentos_fallo`, sum((case when (`i`.`estado_id` = 4) then 1 else 0 end)) AS `intentos_abandono`, round((avg(nullif(`i`.`duracion_ms`,0)) / 1000),2) AS `seg_prom_intento_sesion` FROM (((`SESION` `s` join `USUARIO` `u` on((`u`.`id` = `s`.`usuario_id`))) join `ROL` `r` on(((`r`.`id` = `u`.`rol_id`) and (`r`.`tipo` = 'jugador')))) left join `INTENTO` `i` on((`i`.`sesion_id` = `s`.`id`))) GROUP BY `s`.`usuario_id`, `s`.`id`, `s`.`inicio_en`, `s`.`fin_en`, `s`.`segundos_totales` ;

--
-- Constraints for dumped tables
--

--
-- Constraints for table `ACCION`
--
ALTER TABLE `ACCION`
  ADD CONSTRAINT `ACCION_ibfk_1` FOREIGN KEY (`intento_id`) REFERENCES `INTENTO` (`id`) ON DELETE CASCADE ON UPDATE CASCADE,
  ADD CONSTRAINT `ACCION_ibfk_2` FOREIGN KEY (`tipo_accion_id`) REFERENCES `TIPO_ACCION` (`id`) ON DELETE RESTRICT ON UPDATE CASCADE,
  ADD CONSTRAINT `ACCION_ibfk_3` FOREIGN KEY (`tipo_bloque_id`) REFERENCES `TIPO_BLOQUE` (`id`) ON DELETE SET NULL ON UPDATE CASCADE;

--
-- Constraints for table `CONEXION_BLOQUE`
--
ALTER TABLE `CONEXION_BLOQUE`
  ADD CONSTRAINT `CONEXION_BLOQUE_ibfk_1` FOREIGN KEY (`accion_id`) REFERENCES `ACCION` (`id`) ON DELETE CASCADE ON UPDATE CASCADE,
  ADD CONSTRAINT `CONEXION_BLOQUE_ibfk_2` FOREIGN KEY (`padre_tipo_bloque_id`) REFERENCES `TIPO_BLOQUE` (`id`) ON DELETE SET NULL ON UPDATE CASCADE,
  ADD CONSTRAINT `CONEXION_BLOQUE_ibfk_3` FOREIGN KEY (`hijo_tipo_bloque_id`) REFERENCES `TIPO_BLOQUE` (`id`) ON DELETE SET NULL ON UPDATE CASCADE;

--
-- Constraints for table `EDICION_BLOQUE`
--
ALTER TABLE `EDICION_BLOQUE`
  ADD CONSTRAINT `EDICION_BLOQUE_ibfk_1` FOREIGN KEY (`accion_id`) REFERENCES `ACCION` (`id`) ON DELETE CASCADE ON UPDATE CASCADE;

--
-- Constraints for table `INTENTO`
--
ALTER TABLE `INTENTO`
  ADD CONSTRAINT `INTENTO_ibfk_1` FOREIGN KEY (`sesion_id`) REFERENCES `SESION` (`id`) ON DELETE CASCADE ON UPDATE CASCADE,
  ADD CONSTRAINT `INTENTO_ibfk_2` FOREIGN KEY (`juego_id`) REFERENCES `JUEGO` (`id`) ON DELETE RESTRICT ON UPDATE CASCADE,
  ADD CONSTRAINT `INTENTO_ibfk_3` FOREIGN KEY (`nivel_id`) REFERENCES `NIVEL` (`id`) ON DELETE RESTRICT ON UPDATE CASCADE,
  ADD CONSTRAINT `INTENTO_ibfk_4` FOREIGN KEY (`estado_id`) REFERENCES `ESTADO` (`id`) ON DELETE SET NULL ON UPDATE CASCADE;

--
-- Constraints for table `MOVIMIENTO_BLOQUE`
--
ALTER TABLE `MOVIMIENTO_BLOQUE`
  ADD CONSTRAINT `MOVIMIENTO_BLOQUE_ibfk_1` FOREIGN KEY (`accion_id`) REFERENCES `ACCION` (`id`) ON DELETE CASCADE ON UPDATE CASCADE;

--
-- Constraints for table `NIVEL`
--
ALTER TABLE `NIVEL`
  ADD CONSTRAINT `NIVEL_ibfk_1` FOREIGN KEY (`juego_id`) REFERENCES `JUEGO` (`id`) ON DELETE RESTRICT ON UPDATE CASCADE;

--
-- Constraints for table `PROGRESO`
--
ALTER TABLE `PROGRESO`
  ADD CONSTRAINT `fk_progreso_estado` FOREIGN KEY (`estado_id`) REFERENCES `ESTADO` (`id`) ON DELETE SET NULL ON UPDATE CASCADE,
  ADD CONSTRAINT `fk_progreso_juego` FOREIGN KEY (`juego_id`) REFERENCES `JUEGO` (`id`) ON DELETE RESTRICT ON UPDATE CASCADE,
  ADD CONSTRAINT `fk_progreso_nivel` FOREIGN KEY (`nivel_id`) REFERENCES `NIVEL` (`id`) ON DELETE RESTRICT ON UPDATE CASCADE,
  ADD CONSTRAINT `fk_progreso_usuario` FOREIGN KEY (`usuario_id`) REFERENCES `USUARIO` (`id`) ON DELETE CASCADE ON UPDATE CASCADE;

--
-- Constraints for table `SESION`
--
ALTER TABLE `SESION`
  ADD CONSTRAINT `SESION_ibfk_1` FOREIGN KEY (`usuario_id`) REFERENCES `USUARIO` (`id`) ON DELETE CASCADE ON UPDATE CASCADE;

--
-- Constraints for table `USUARIO`
--
ALTER TABLE `USUARIO`
  ADD CONSTRAINT `USUARIO_ibfk_1` FOREIGN KEY (`rol_id`) REFERENCES `ROL` (`id`) ON DELETE RESTRICT ON UPDATE CASCADE;
COMMIT;

/*!40101 SET CHARACTER_SET_CLIENT=@OLD_CHARACTER_SET_CLIENT */;
/*!40101 SET CHARACTER_SET_RESULTS=@OLD_CHARACTER_SET_RESULTS */;
/*!40101 SET COLLATION_CONNECTION=@OLD_COLLATION_CONNECTION */;
